Advertising,Advertising Design
Advertising,Internet Advertising
Advertising,Magazines Advertising
Advertising,Newspaper Advertising
Advertising,Other Advertising Services
Advertising,Outdoor Advertising
Advertising,Radio Advertising
Advertising,Trade Show Advertising
Advertising,Tv Advertising
Agency Services,Advertisement Agents
Agency Services,زراعة & By- Product Agents
Agency Services,أزياء Agents
Agency Services,Automotive & Motorcycle Parts Agents
Agency Services,Bag & Luggage Agents
Agency Services,Beauty Products Agents
Agency Services,Chemical Product Agents
Agency Services,Clock Agents
Agency Services,Computer & Software Agents
Agency Services,Construction Materials Agents
Agency Services,Consumer Electronics Agents
Agency Services,Electrical Product Agents
Agency Services,Electronics Agents
Agency Services,Energy Agents
Agency Services,Entertainment Products Agent
Agency Services,Eyewear Agents
Agency Services,Fashion Accessories Agents
Agency Services,Food Agents
Agency Services,Furniture Agents
Agency Services,General Mechanical Components Agents
Agency Services,General Trade Agent
Agency Services,Gifts & Crafts Agents
Agency Services,Hardware Agents
Agency Services,Health Product Agents
Agency Services,Home Appliances Agents
Agency Services,Home Supplies Agents
Agency Services,Jewelry Agents
Agency Services,Lighting Agents
Agency Services,Machinery Agents
Agency Services,Machinery Leasing Service
Agency Services,Machinery Parts Agents
Agency Services,Measuring & Analysing Instrument Agents
Agency Services,Mineral & Metals Agent
Agency Services,Office & School Supplies Agents
Agency Services,Other Agency Services
Agency Services,Packaging Products Agents
Agency Services,Photography & Optic Product Agents
Agency Services,Plastic Agents
Agency Services,Printing Product Agents
Agency Services,Pulp & Paper Agents
Agency Services,Real Estate Agents
Agency Services,Rubber Agents
Agency Services,Security Product Agents
Agency Services,Shoes Agents
Agency Services,Sport Product Agents
Agency Services,Textile Agents
Agency Services,Tool Agents
Agency Services,Transportation Product Agents
Agency Services,Used Machinery & Equipment Auction Service
Agency Services,Watch Agents
Assurance Services,
Auction,
"Brokerage, Intermediary Service",
Business Travel Services,Business Travel Packages
Business Travel Services,Corporate Travel
Business Travel Services,Hotels Services
Business Travel Services,Other Business Travel Services
Business Travel Services,Tickets
"Certification,Inspection & Credit Management",Credit Investigation & Management
"Certification,Inspection & Credit Management",Inspection & Quality Control Service
"Certification,Inspection & Credit Management",Management System Certification
"Certification,Inspection & Credit Management","Other Certification, Inspection & Credit Management"
"Certification,Inspection & Credit Management",Product Certification
Computer & Information Technology Service,Data Processing
Computer & Information Technology Service,Other Computer & Information Technology Service
Computer & Information Technology Service,Software Development
Construction Services,
Consulting,Computer & Information Technology Consulting
Consulting,Management Consulting
Consulting,Marketing Consulting
Consulting,Other Consulting
Consulting,Technology Consulting
Consulting,Trading Consulting
Corporate Register & Transfer,
Design Services,Architecture Design
Design Services,Decorating Design
Design Services,General Industrial Equipment Processing Services
Design Services,Graphic Design
Design Services,Industrial Design
Design Services,Machinery Design Services
Design Services,Machinery Parts Design Services
Design Services,Other Design Services
Design Services,Packaging Design
Design Services,Website Design
Education & Training,
Internet Service,
Labour & Employment,
Law Services,
Leasing Services,
Logistics Services,Air Freight
Logistics Services,Customs Clearance Services
Logistics Services,Express
Logistics Services,Freight Agents
Logistics Services,Other Logistics Services
Logistics Services,Railway Freight
Logistics Services,Road Freight
Logistics Services,Sea Freight
Logistics Services,Warehouse Services
Logistics Services,Waterway Freight
Other Business Services,
Passport & Visa,
Processing Services,زراعة Products Processing
Processing Services,Construction Materials Processing
Processing Services,Electronic Products & Components Processing
Processing Services,Fashion Accessories Processing
Processing Services,Food Processing
Processing Services,Gifts & Crafts Processing
Processing Services,Hardware Processing
Processing Services,Home Appliances Processing
Processing Services,Home Supplies Products Processing
Processing Services,Machinery Parts Processing Services
Processing Services,Machinery Processing Services
Processing Services,Measuring & Analysing Instruments Processing Services
Processing Services,Mechanical Accessory & Parts Processing
Processing Services,Metal Processing Services
Processing Services,Other Processing Services
Processing Services,Packaging Product Processing
Processing Services,Plating Services
Processing Services,Shoe Processing
Processing Services,Telecommunication Processing
Project Cooperation,زراعة Projects
Project Cooperation,أزياء Projects
Project Cooperation,Chemical Projects
Project Cooperation,Computer Related Projects
Project Cooperation,Construction Projects
Project Cooperation,Electronics Projects
Project Cooperation,Energy Projects
Project Cooperation,Entertainment Projects
Project Cooperation,Environmental Projects
Project Cooperation,Food Projects
Project Cooperation,Health Projects
Project Cooperation,Home Appliances Projects
Project Cooperation,Home Supplies Projects
Project Cooperation,Industrial Supplies Project
Project Cooperation,Mining & Metallurgy Projects
Project Cooperation,Other Project Cooperation
Project Cooperation,Real Estate Projects
Project Cooperation,Regional Investment
Project Cooperation,Service Projects
Project Cooperation,Textile Projects
Project Cooperation,Tourism Projects
Project Cooperation,Transportation Projects
Public Relation Services,
Repairs & Maintenance,
Research & Development Services,
Royalties & License Services,Copyrights
Royalties & License Services,Other Royalties & License Service
Royalties & License Services,Patents
Royalties & License Services,Trademarks
Supply Chain Management,
Telecommunication Services,
Trade Show Services,Booths Design & Executing
Trade Show Services,Exhibiting Services
Trade Show Services,Exhibition Invitation
Trade Show Services,Other Trade Show Services
Trade Show Services,Trade Show Planning
Trade Show Services,Trade Show Training
