Design Services AR,Website Design AR,
Logistics Services AR,Waterway Freight AR,
Agency Services AR,Watch Agents AR,
Logistics Services AR,Warehouse Services AR,
Agency Services AR,Used Machinery & Equipment Auction Service AR,
Advertising AR,Tv Advertising AR,
Project Cooperation AR,Transportation Projects AR,
Agency Services AR,Transportation Product Agents AR,
Consulting AR,Trading Consulting AR,
Royalties & License Services AR,Trademarks AR,
Trade Show Services AR,Trade Show Training AR,
Trade Show Services AR,Trade Show Planning AR,
Advertising AR,Trade Show Advertising AR,
Project Cooperation AR,Tourism Projects AR,
Agency Services AR,Tool Agents AR,
Business Travel Services AR,Tickets AR,
Project Cooperation AR,Textile Projects AR,
Agency Services AR,Textile Agents AR,
Processing Services AR,Telecommunication Processing AR,
Consulting AR,Technology Consulting AR,
Agency Services AR,Sport Product Agents AR,
Computer & Information Technology Service AR,Software Outsourcing AR,
Computer & Information Technology Service AR,Software Development AR,
Agency Services AR,Shoes Agents AR,
Processing Services AR,Shoe Processing AR,
Project Cooperation AR,Service Projects AR,
Agency Services AR,Security Product Agents AR,
Logistics Services AR,Sea Freight AR,
Agency Services AR,Rubber Agents AR,
Logistics Services AR,Road Freight AR,
Project Cooperation AR,Regional Investment AR,
Project Cooperation AR,Real Estate Projects AR,
Agency Services AR,Real Estate Agents AR,
Logistics Services AR,Railway Freight AR,
Advertising AR,Radio Advertising AR,
Agency Services AR,Pulp & Paper Agents AR,
"Certification AR,Inspection & Credit Management AR",Product Certification AR,
Agency Services AR,Printing Product Agents AR,
Processing Services AR,Plating Services AR,
Agency Services AR,Plastic Agents AR,
Agency Services AR,Photography & Optic Product Agents AR,
Royalties & License Services AR,Patents AR,
Agency Services AR,Packaging Products Agents AR,
Processing Services AR,Packaging Product Processing AR,
Design Services AR,Packaging Design AR,
Advertising AR,Outdoor Advertising AR,
Trade Show Services AR,Other Trade Show Services AR,
Royalties & License Services AR,Other Royalties & License Service AR,
Project Cooperation AR,Other Project Cooperation AR,
Processing Services AR,Other Processing Services AR,
Logistics Services AR,Other Logistics Services AR,
Design Services AR,Other Design Services AR,
Consulting AR,Other Consulting AR,
Computer & Information Technology Service AR,Other Computer & Information Technology Service AR,
"Certification,Inspection & Credit Management AR","Other Certification AR, Inspection & Credit Management AR",
Business Travel Services AR,Other Business Travel Services AR,
Agency Services AR,Other Agency Services AR,
Advertising AR,Other Advertising Services AR,
Agency Services AR,Office & School Supplies Agents AR,
Advertising AR,Newspaper Advertising AR,
Project Cooperation AR,Mining & Metallurgy Projects AR,
Agency Services AR,Mineral & Metals Agent AR,
Processing Services AR,Metal Processing Services AR,
Processing Services AR,Mechanical Accessory & Parts Processing AR,
Processing Services AR,Measuring & Analysing Instruments Processing Services AR,
Agency Services AR,Measuring & Analysing Instrument Agents AR,
Consulting AR,Marketing Consulting AR,
"Certification AR,Inspection & Credit Management AR",Management System Certification AR,
Consulting AR,Management Consulting AR,
Advertising AR,Magazines Advertising AR,
Processing Services AR,Machinery Processing Services AR,
Processing Services AR,Machinery Parts Processing Services AR,
Design Services AR,Machinery Parts Design Services AR,
Agency Services AR,Machinery Parts Agents AR,
Agency Services AR,Machinery Leasing Service AR,
Design Services AR,Machinery Design Services AR,
Agency Services AR,Machinery Agents AR,
Agency Services AR,Lighting Agents AR,
Agency Services AR,Jewelry Agents AR,
Advertising AR,Internet Advertising AR,
"Certification AR,Inspection & Credit Management AR",Inspection & Quality Control Service AR,
Project Cooperation AR,Industrial Supplies Project AR,
Design Services AR,Industrial Design AR,
Business Travel Services AR,Hotels Services AR,
Project Cooperation AR,Home Supplies Projects AR,
Processing Services AR,Home Supplies Products Processing AR,
Agency Services AR,Home Supplies Agents AR,
Project Cooperation AR,Home Appliances Projects AR,
Processing Services AR,Home Appliances Processing AR,
Agency Services AR,Home Appliances Agents AR,
Project Cooperation AR,Health Projects AR,
Agency Services AR,Health Product Agents AR,
Processing Services AR,Hardware Processing AR,
Agency Services AR,Hardware Agents AR,
Design Services AR,Graphic Design AR,
Processing Services AR,Gifts & Crafts Processing AR,
Agency Services AR,Gifts & Crafts Agents AR,
Agency Services AR,General Trade Agent AR,
Agency Services AR,General Mechanical Components Agents AR,
Design Services AR,General Industrial Equipment Processing Services AR,
Agency Services AR,Furniture Agents AR,
Logistics Services AR,Freight Agents AR,
Project Cooperation AR,Food Projects AR,
Processing Services AR,Food Processing AR,
Agency Services AR,Food Agents AR,
Processing Services AR,Fashion Accessories Processing AR,
Agency Services AR,Fashion Accessories Agents AR,
Agency Services AR,Eyewear Agents AR,
Logistics Services AR,Express AR,
Trade Show Services AR,Exhibition Invitation AR,
Trade Show Services AR,Exhibiting Services AR,
Project Cooperation AR,Environmental Projects AR,
Project Cooperation AR,Entertainment Projects AR,
Agency Services AR,Entertainment Products Agent AR,
Project Cooperation AR,Energy Projects AR,
Agency Services AR,Energy Agents AR,
Project Cooperation AR,Electronics Projects AR,
Agency Services AR,Electronics Agents AR,
Processing Services AR,Electronic Products & Components Processing AR,
Agency Services AR,Electrical Product Agents AR,
Design Services AR,Decorating Design AR,
Computer & Information Technology Service AR,Data Processing AR,
Logistics Services AR,Customs Clearance Services AR,
"Certification AR,Inspection & Credit Management AR",Credit Investigation & Management AR,
Business Travel Services AR,Corporate Travel AR,
Royalties & License Services AR,Copyrights AR,
Agency Services AR,Consumer Electronics Agents AR,
Project Cooperation AR,Construction Projects AR,
Processing Services AR,Construction Materials Processing AR,
Agency Services AR,Construction Materials Agents AR,
Project Cooperation AR,Computer Related Projects AR,
Agency Services AR,Computer & Software Agents AR,
Consulting AR,Computer & Information Technology Consulting AR,
Agency Services AR,Clock Agents AR,
Project Cooperation AR,Chemical Projects AR,
Agency Services AR,Chemical Product Agents AR,
Business Travel Services AR,Business Travel Packages AR,
Trade Show Services AR,Booths Design & Executing AR,
Agency Services AR,Beauty Products Agents AR,
Agency Services AR,Bag & Luggage Agents AR,
Agency Services AR,Automotive & Motorcycle Parts Agents AR,
Design Services AR,Architecture Design AR,
Project Cooperation AR,Apparel Projects AR,
Agency Services AR,Apparel Agents AR,
Logistics Services AR,Air Freight AR,
Project Cooperation AR,Agriculture Projects AR,
Processing Services AR,Agriculture Products Processing AR,
Agency Services AR,Agriculture & By- Product Agents AR,
Advertising AR,Advertising Design AR,
Agency Services AR,Advertisement Agents AR,
Assurance Services AR, AR,
Auction AR, AR,
"Brokerage AR, Intermediary Service AR", AR,
Construction Services AR, AR,
Corporate Register & Transfer AR, AR,
Education & Training AR, AR,
Internet Service AR, AR,
Labour & Employment AR, AR,
Law Services AR, AR,
Leasing Services AR, AR,
Other Business Services AR, AR,
Passport & Visa AR, AR,
Public Relation Services AR, AR,
Repairs & Maintenance AR, AR,
Research & Development Services AR, AR,
Supply Chain Management AR, AR,
Telecommunication Services AR, AR,
Translation Services AR, AR,
