Agriculture,منتجات زراعة
Apparel,أزياء
Automobiles & Motorcycles,سيارات ودراجات نارية
Beauty & Personal Care,جمال وعناية شخصية
Construction & Real Estate,بناء وعقارات
Consumer Electronics,إلكترونيات شخصية
Electrical Equipment & Supplies,تجهيزات ومعدات كهربائية
Electronic Components & Supplies,المكونات الإلكترونية ولوازمها
Excess Inventory,مخزوت زائد
Fashion Accessories,إكسسوارات الأزياء
Food & Beverage,مأكولات ومشروبات
Gifts & Crafts,هدايا وتحف
Home & Garden,عناية المنزل والحديقة
Lights & Lighting,أضواء وإضاءة
"Luggage, Bags & Cases",أمتعة وحقائب
Machinery,ماكينات
Measurement & Analysis Instrument,أدوات التحليل والقياس
Mechanical Parts & Fabrication Services,أجزاء ميكانيكية وتصنيعها
Minerals & Metallurgy,معادن وفلزات
Office & School Supplies,لوازم مكتبية ومدرسية
Packaging & Printing,تغليف وطباعة
Rubber & Plastics,مطاط ولدائن
Service Equipment,مكونات تجارية
Shoes & Accessories,أحذية وملحقاتها
Sports & Entertainment,رياضة وترفيه
Telecommunications,اتصالات سلكية ولاسلكية
Textile & Leather Products,منسوجات وجلود
"Timepieces, Jewelry, Eyewear",ساعات، مجوهرات، نظارات
Toys & Hobbies,ألعاب وهوايات
Transportation,نقل ومواصلات
Chemicals,كيماويات
Agricultural Equipment,معدات زراعية
Agricultural Waste,نفايات زراعية
Animal Feed,علف الحيوان
Animal Products,منتجات حيوانية
Cacao Beans,حبوب الكاكاو
Fresh Fruit,فاكهة طازجة
Fresh Vegetables,خضراوات طازجة
Herbal Cigars & Cigarettes,سجائر وسجائر أعشاب
Mushrooms & Truffles,الفطر والكمأ
Nuts & Kernels,مكسرات ونوى
Ornamental Plants,نباتات الزينة
Plant & Animal Oil,زيوت نباتية وحيوانية
Plant Seeds & Bulbs,بذور نباتات وأبصال
Timber Raw Materials,مواد خام أخشابية
Vanilla Beans,فاصوليا فانيلا
Apparel Stock,مخزون ملابس
Children's Clothes,ملابس الأطفال
Ethnic Clothing,ملابس تقليدية
Garment Accessories,ملحقات الملابس
Infant & Toddlers Clothing,ملابس الرضع
Jeans,جينزات
Ladies Blouses & Tops,بلوزات نسائية
Mannequins,عارضات
Maternity Clothing,ملابس أمومة
Men's Shirts,قمصان رجالية
Pants & Trousers,سراويل وبناطيل
Sewing Supplies,لوازم الخياطة
Sleepwear,ملابس النوم
Sportswear,ملابس رياضية
Stage & Dance Wear,ملابس الرقص
Suits & Tuxedo,بذلات سهرة
Sweaters,البلوزات
Tag Guns,المدافع الوسم
Tank Tops,بلوزات رياضية
Uniforms,لباس موحد
Used Clothes,ملابس مستعملة
Vests & Waistcoats,سترات والصدريات
Wedding Apparel & Accessories,ملابس واكسسوارات الزفاف
Work Wear,ملابس العمل
Exterior Accessories,اكسسوارات خارجية
Interior Accessories,اكسسوارات داخلية
Motorcycle Accessories,اكسسوارات الدراجات النارية
Motorcycle Parts,قطع غيار الدراجات النارية
Motorcycles,دراجات نارية
Tricycles,دراجة ثلاث عجلات
Universal Parts,قطع غيار لجميع الإستخدامات
Utv,يو تي في
Vehicle Tools,أدوات المركبات
Atv,أ تي في
Atv Parts,قطع غيار أ تي في
Auto Chassis Parts,قطع غيار شاسيه سيارات
Auto Electrical Systems,أنظمة كهربائية للسيارات
Auto Electronics,إلكترونيات سيارات
Auto Engine,محرك السيارات
Automobiles,السيارات
Body Parts,قطع خاصة بالجسم
Bath Supplies,لوازم الحمّام
Beauty Equipment,معدات الجمال
Body Art,فن الجسم
Breast Care,العناية بالثدي
Feminine Hygiene,صحة المرأة
Hair Care,العناية بالشعر
Hair Extensions & Wigs,وصلات شعر وباروكات
Hair Salon Equipment,معدات صالونات التجميل
Makeup,ماكياج
Makeup Tools,أدوات ماكياج
Nail Supplies,لوازم الأظافر
Oral Hygiene,صحة الفم
Sanitary Paper,مناديل صحية
Shaving & Hair Removal,حلاقة و الشعر إزالة
Skin Care,العناية بالبشرة
Skin Care Tool,أدوات العناية بالبشرة
Aluminum Composite Panels,ألواح الألومنيوم المركّب
Balustrades & Handrails,الدرابزينات الخارجية والداخلية
Bathroom,الحمّام
Building Glass,زجاج المباني
Ceiling,أسقف
"Countertops, Vanity Tops & Table Tops",أسطح خزائن وطاولات
Curtain Walls & Accessories,ستائر وملحقاتها
Decorative Films,ورق ديكور
Doors & Windows Accessories,ملحقات النوافذ والاأبواب
Earthwork Products,منتجات أعمال الأتربة
Elevator & Elevator Parts,مصعد وأجزاء المصعد
Escalator & Escalator Parts,المصعد والسلالم المتحركة أجزاء
"Faucets, Mixers & Taps",حنفيات وخلاطات
Fireproofing Materials,مواد مقاومة للنيران
Floor Heating System & Parts,أنظمة تدفئة الأرضيات وأجزاءها
Flooring & Accessories,أرضيات وملحقاتها
Formwork,أعمال القولبة
Gates,بوابات
Heat Insulation Material,مواد عزل حراري
Hvac Systems & Parts,أنظمة تكييف وتبريد وقطع غيارها
Kitchen,المطبخ
Ladders & Scaffolding,سلالم وسقالات
Landscaping Stones,أحجار تنسيق المناظر الطبيعية
Masonry Materials,مواد بناء
Metal Building Materials,مواد بناء معدنية
Mosaics,فسيفساء
Multifunctional Materials,مواد متعددة الإستخدامات
Plastic Building Materials,مواد بناء بلاستيكية
Real Estate,عقارات
Soundproofing Materials,مواد عزل الصوت
Stairs & Stair Parts,سلالم وأجزاءها
Stone Carvings & Sculptures,منحوتات حجرية وتماثيل
Sunrooms & Glass Houses,بيوت زجاجية
Tiles & Accessories,بلاط و ملحقاته
Timber,أخشاب
Tombstones & Monuments,شواهد القبور والآثار
Wallpapers/Wall Coating,خلفيات / طلاء جداران
Waterproofing Materials,مواد العزل المائي
Camera Photo & Accessories,كاميرات وملحقاتها
Commonly Used Accessories & Parts,اكسسوارات عامة الإستخدام
Computer Hardware & Software,أجهزة كمبيوتر وبرمجيات
Electronic Publications,المنشورات الالكترونية
Home Audio & Video Accessories,ملحقات أنظمة صوت وفيديو المنزل
Mobile Phone & Accessories,الهواتف المحمولة وملحقاتها
"Portable Audio, Video & Accessories",ملحقات أنظمة الصوت والفيديو المحمولة
Circuit Breakers,قواطع
Connectors & Terminals,موصلات وناقلات
Electrical Plugs & Sockets,مقابس كهربائية
Electronic & Instrument Enclosures,حاويات الإلكترونيات والأدوات
Fuse Components,مكونات الصمامات
Generators,مولدات
Power Accessories,ملحقات الطاقة
Power Distribution Equipment,معدات توزيع الكهرباء
"Professional Audio , Video , Lighting",أنظمة صوت وفيديو وإضافية إحترافية
Relays,مبدلات
"Wires, Cables, & Cable Assemblies",أسلاك وكابلات وتوصيلات
Wiring Accessories,ملحقات أسلاك وكوابل
Active Components,مكونات حية
Electronic Accessories & Supplies,ملحقات إلكترونية ولوازم
Electronic Data Systems,نظم بيانات إلكترونية
Electronic Signs,لافتات إلكترونية
Electronics Production Machinery,ماكينات تصنيع الإلكترونيات
Electronics Stocks,مخزونات إلكترونيات
Optoelectronic Displays,عرض الكتروضوئي
Passive Components,مكونات سلبية
Biodiesel,وقود الديزل الحيوي
Biogas,الغاز الحيوي
Charcoal,فحم صناعي
Coal,فحم طبيعي
Coal Gas,غاز الفحم
Coke Fuel,وقود الطبخ
Crude Oil,النفط الخام
Electricity Generation,توليد الكهرباء
Industrial Fuel,الوقود الصناعي
Natural Gas,الغاز الطبيعي
Petrochemical Products,المنتجات البتروكيماوية
Solar Energy Products,منتجات الطاقة الشمسية
Wood Pellets,بالات الأخشاب
Gas Disposal,التخلص من الغاز
Noise Reduction Device,متجات الحد من الضوضاء
Recycling,إعادة التدوير
Sewer,الصرف الصحي
Waste Management,إدارة النفايات
Water Treatment,معالجة مياه
Home Appliances Stocks,أجهزة منزلية
Measuring & Analysing Instrument Stocks,معدات قياس وتحليل
Belt Accessories,ملحقات أحزمة
Belts,أحزمة
Fashion Accessories Design Services,خدمات إكسسوارات الأزياء
Fashion Accessories Processing Services,خدمات معالجة إكسسوارات الأزياء
Fashion Accessories Stock,مخزون إكسسوارات الأزياء
Gloves & Mittens,قفازات
Headwear,أغطية الرأس
Neckwear,ملابس الرقبة
"Scarf, Hat & Glove Sets",طقم وشاح وقبعة وقفازات
Alcoholic Beverage,المشروبات الكحولية
Baby Food,أغذية الأطفال
Baked Goods,السلع المخبوزة
Bean Products,بقوليات
Canned Food,الأغذية المعلبة
Coffee,القهوة
Confectionery,حلويات
Dairy Products,منتجات الألبان
Drinking Water,مياه الشرب
Egg Products,منتجات البيض
Food Ingredients,مكونات الغذائية
Fruit Products,منتجات الفواكه
Grain Products,منتجات الحبوب
Honey & Honey Products,عسل ومنتجات العسل
Meat & Poultry,لحوم ودواجن
Seasoning & Condiments,توابل وتدبيلات
Snacks,وجبات خفيفة
Tea,الشاي
Vegetable Products,منتجات نباتية
Baby Furniture,أثاث الرضّع
Children Furniture,أثاث الأطفال
Commercial Furniture,أثاث تجاري
Furniture Accessories,ملحقات الأثاث
Furniture Hardware,مكونات الأثاث
Furniture Parts,قطع الأثاث
Home Furniture,أثاث المنزل
Arts & Crafts Stocks,مخزون هدايا وتحف
Candle Holders,حمالة شمع
Crafts,حرف
Festive & Party Supplies,لوازم الإحتفالات والحفلات
"Flags, Banners & Accessories",أعلام ورايات وملحقاتها
Frame,إطار
Gift Sets,أطقم هدايا
Incense,بخور
Incense Burners,مباخر
Key Chains,حمالة مفاتيح
Lanyard,حبل
Money Boxes,صناديق تجميع النقود
Music Boxes,صناديق موسيقى
Painting Calligraphy,الرسم والخط
Photo Albums,ألبومات الصور
Abrasive Tools,أدوات جلخ
Abrasives,مواد جلخ
Fasteners,مثبتات وماسكات
Hardware Stock,مخزون أجهزة
Hooks,سنانير
Mould Design & Processing Services,تصميم ونعالجة القوالب
Springs,نوابض
Thimble,كشتبان
Used Hardware,أجهزة مستخدمة
Animal & Veterinary,حيوانات وبيطرة
Extract,مستخلصات
Healthcare Products,منتجات الرعاية الصحية
Herbal Medicine,طب الأعشاب
Medical Devices,أجهزة طبية
Pharmaceutical,دوائية
Bathroom Products,منتجات الحمّام
Cooking Tools,أدوات الطبخ
Cookware,أطقم الطبخ
Garden Supplies,لوازم الحديقة
Home Décor,ديكور منزل
Home Storage & Organization,تخزين وتنظيم منزلي
Household Chemicals,مواد كيميائية منزلية
Household Cleaning Tools & Accessories,أدوات لتنظيف منزلية وملحقاتها
Household Sundries,أدوات منزلية متفرقة
Kitchen Knives & Accessories,سكاكين مطبخ وملحقاتها
Laundry Products,منتجات غسيل
Pet Products,منتجات حيوانات أليفة
Tableware,أدوات مائدة الطعام
Air Conditioning Appliances,أجهزة تكييف الهواء
Cleaning Appliances,إجهزة التنظيف
Hand Dryers,مجففات اليد
Home Appliance Parts,قطع غيار أجهزة المنزل
Home Appliance Stocks,مخزون أجهزة منزلية
Home Heaters,أجهزة تدفئة منزلية
Kitchen Appliances,أجهزة كهربائية للمطبخ
Laundry Appliances,أجهزة غسيل
Refrigerators & Freezers,ثلاجات ومجلدات
Water Heaters,سخانات مياه
Water Treatment Appliances,أجهزة معالجة مياه
Wet Towel Dispensers,أجهزة توزيع مناديل مبللة
Emergency Lighting,أضواء الطوارىء
Holiday Lighting,أضواء زينة المناسبات
Indoor Lighting,أضواء داخلية
Led Lighting,أضواء ليد
Lighting Accessories,ملحقات أضواء
Lighting Bulbs & Tubes,لمبات وأنابيب إضاءة
Outdoor Lighting,إضاءة خارجية
Professional Lighting,إضاءة احترافية
Bag & Luggage Making Materials,مواد تصنيع الحقائب
Bag Parts & Accessories,قطع غيار الحقائب وملحقاتها
Business Bags & Cases,حقائب الأعمال
Digital Gear & Camera Bags,حقائب الكاميرات وملحقاتها
Handbags & Messenger Bags,حقائب اليد والسفر
Luggage & Travel Bags,حقائب سفر وأمتعة
Luggage Cart,عربة أمتعة
Special Purpose Bags & Cases,حقائب للاستعمالات الخاصة
Sports & Leisure Bags,حقائب رياضية وترفيهية
Wallets & Holders,محافظ وحاملات
Agriculture Machinery & Equipment,معدات ومكائن زراعية
Apparel & Textile Machinery,ماكينات النسيج والأزياء
Building Material Machinery,ماكينات مواد بناء
Chemical & Pharmaceutical Machinery,ماكينات كيميائية ودوائية
Electronic Product Machinery,ماكينات منتجات إلكترونية
Energy & Mineral Equipment,معدات طاقة ومعادن
Engineering & Construction Machinery,ماكينات هندسة وبناء
Food & Beverage Machinery,ماكينات الأغذية والمشروبات
General Industrial Equipment,معدات صناعية عامة
Home Product Making Machinery,ماكينات تصنيع منتجات المنزل
Industry Laser Equipment,معدات ليزر صناعية
Machinery Tool Equipment,معدات ميكانيكية
Metal & Metallurgy Machinery,ماكينات معادن وفلزات
Packaging Machinery,ماكينات التغليف
Paper Production Machinery,ماكينات تصنيع الورق
Plastic & Rubber Machinery,ماكينات تصنيع البلاستيك والمطاط
Printing Machinery,ماكينات طباعة
Refrigeration & Heat Exchange Equipment,معدات تبريد وتبادل حرارة
Woodworking Machinery,ماكينات نجارة
Analyzers,أدوات تحليل
Electrical Instrument,أجهزة كهربائية
Electronic Measuring Instrument,أدوات قياس إلكترونية
Flow Measuring Instruments,أدوات قياس التدفق
Instrument Parts & Accessories,قطع غيار الأجهزة وملحقاتها
Level Measuring Instruments,أجهزة قياس المستوى
Measuring & Gauging Tools,أدوات قياس ومعايرة
Optical Instruments,أجهزة بصرية
Physical Measuring Instruments,أجهزة قياس فيزيائية
Pressure Measuring Instruments,أجهزة قياس الضغط
Temperature Instruments,أجهزة الحرارة
Testing Equipment,أجهزة اختبار
Used Measuring & Analysing Instruments,أجهزة قياس وتحليل مستعملة
Weighing Scales,موازين
Ball Screw,لوالب
Bearing Accessories,ملحقات رولمانات
Custom Fabrication Services,خدمات تصنيع خاصة
Cylinders,أسطوانات
Filter Supplies,لوازم فلاتر
Flanges,شفهات وتشفيه
Gaskets,حشوات
General Mechanical Components Design Services,تصميم مكونات مكينانيكية عامة
General Mechanical Components Stock,مخزون مكونات مكينانيكية عامة
Hydraulic Parts,أجزاء هيدروليكية
Industrial Brakes,فرامل صناعية
Machinery Tools Accessories,ملحقات أدوات ماكينات
Motor Accessories,ملحقات المحرك
Pipe Fittings,تنسيقات مواسير
Pneumatic Parts,أجزاء هوائية
Power Transmission Parts,قطع نقل الحركة
Pumps & Parts,مضخات وقطعها
Seals,سادّات أحكام
Shafts,أذرع
Used General Mechanical Components,قطع ميكانيكية عامة مستعملة
Valve Parts,قطع صمامات
Valves,الصمامات
Welding & Soldering Supplies,لوازم اللحام والتقوية
Aluminum,ألومنيوم
Asbestos Products,منتجات أسبستوس
Barbed Wire,سلك شائك
Carbon,كربون
Cast & Forged,مسبوكات وأشكال
Cemented Carbide,كربيد إسمنتي
Ceramic Fiber Products,منتجات ألياف السراميك
Ceramics,سيراميك
Copper,نحاس
Fiberglass Products,منتجات ألياف زجاجية
Glass,زجاج
Graphite Products,منتجات الجرافيت
Ingots,سبائك
Iron,حديد
Lead,رصاص
Lime,جبس
Magnetic Materials,مواد ممغنطة
Metal Scrap,خردة معادن
Mineral Wool,صوف معدني
Molybdenum,موليبدنوم
Nickel,نيكل
Non Metallic Mineral Deposit,منتجات معدنية لافلزية
Ore,مواد خام
Pig Iron,حديد زهر (خام)
Quartz Products,منتجات صخر بلوري
Rare Earth Products,منتجات فلزات نادرة
Refractory,مقاومات إنصهار
Steel,فولاز
Titanium,تيتانيوم
Tungsten,تنغستين
Wire Mesh,شبكة أسلاك
Zinc,زنك
Art Supplies,لوازم فنون
Badge Holder & Accessories,حوامل الشارات وملحقاتها
Board,ألواح
Board Eraser,مماحي ألواح
Book Cover,أغلفة كتب
Books,كتب
Calculator,حاسبات
Calendar,تقويم
Clipboard,حافظة
Correction Supplies,مواد تصحيح
Desk Organizer,منظمة مكتب
Drafting Supplies,لوازم كتابة
Education Supplies,لوازما تعليم
Electronic Dictionary,قاموس الكتروني
File Folder Accessories,ملحقات حافظات الملفات
Filing Products,منتجات تسجيل الملفات
Letter Pad/Paper,ورق رسائل ووسادات
Magazines,مجلات
Map,خرائط
Markers & Highlighters,أقلام تخطيط وتمييز
Notebooks & Writing Pads,دفاتر كتابة وملاحظات
Office Adhesives & Tapes,أدوات لصق وصمغ
Office Equipment,أدوات مكتبية
Office Paper,ورق للمكاتب
Paper Envelopes,مغلفات ورقية
Pencil Cases & Bags,حقائب أقلام الرصاص
Pencil Sharpeners,مباري أقلام رصاص
Pencils,أقلام رصاص
Pens,أقلام
Printer Supplies,لوازم طابعات
Stamps,طوابع
Stationery Set,مجموعة قرطاسية
Stencils,شريط ستنسل
Writing Accessories,إكسسوارات الكتابة
Yellow Page,دفتر صفحات صفراء
"Adhesive Tape, Film, Paper",لواصق ودفاتر
Air Dunnage Bag,أكياس الحشوات الهوائية
Aluminum Foil,ورق ألومنيوم
Bottles,زجاجات
Cans,علب
"Drums, Pails, Barrels",طبل، دلو، براميل
Empty Capsules,كبسولات فارغة
Fibc Bag,كيس فيبك
Flexi Tank,حاوية مرنة
Flower Sleeve,جيب
Foil Containers,حاوية ورقية
Gas Cylinders,أسطوانة غاز
Gift Ribbon,شرائط هدايا
Hot Stamping Foil,ورق تجليد حراري
Jar,جرة
"Lids, Bottle, Caps, Closures",أغطية، زجاجات، سدادات، مغلقات
Mailing Bags,حقائب بريد
Packaging Auxiliary Materials,مواد تغليف ثانوية
Packaging Bags,حقائب تغليف
Packaging Boxes,صناديق تغليف
"Packaging Cup, Bowl",كأس وسلطانية تغليف
Packaging Label,علامة تغليف
Packaging Organza Material,مادة تغليف الأورجانزا
Packaging Rope,والتغليفحبل
Packaging Tray,طبق تغليف
Packaging Tube,أنبوب تغليف
Pallets,منصات
Pill Storage Cases,حقائب تخزين الحبوب
Plastic Film,غشاء بلاستيكي
Preforms,أشكال أوليّة
Printing Materials,مواد طباعة
Printing Services,خدمات طباعة
Protective & Cushioning Material,مواد وحشوات وقاية
Pulp,لب
Strapping,ربط وتحزيم
Plastic Processing Services,خدمات تصنيع البلاستيك
Plastic Products,منتجات بلاستيكية
Plastic Raw Materials,مواد بلاستيك أولية
Plastic Stocks,مخزون بلاستيك
Recycled Plastic,بلاستيك معاد تدويره
Recycled Rubber,مطاط معاد تدويره
Rubber Processing Service,خدمات تصنيع المطاط
Rubber Products,منتجات المطاط
Rubber Projects,مشاريع مطاط
Rubber Raw Material,مطاط خام
Rubber Stocks,مخزون مطاط
Access Control System & Products,أنظمة ومنتجات مراقبة الدخول
Cctv Products,منتجات مراقبة تلفزيونية
Firefighting Supplies,لوازم مكافحة حرائق
Key,مفتاح
Lock Parts,قطع أقفال
Locksmith Supplies,لوازم تصنيع الأقفال
Police Military Supplies,لوازم الشرطة
Roadway Safety,أمان الطرقات
Security Services,خدمات حماية وأمن
Self Defense Supplies,لوازم دفاع عن النفس
Water Safety Products,منتجات حماية مائية
Workplace Safety Supplies,لوازم حماية أماكن العمل
Advertising Equipment,معدات إعلانات
Cargo & Storage Equipment,معدات شخن وتخزين
Commercial Laundry Equipment,معدات تغسيل تجارية
Financial Equipment,معدات مالية
Funeral Supplies,لوازم الجنازات
Restaurant & Hotels Supplies,معدات الفنادق والمطاعم
Store & Supermarket Supplies,معدات السوبرماركت والبقالات
Trade Show Equipment,معدات المعارض
Vending Machinery,ماكينات بيع
Wedding Supplies,لوازم الأعراس
Baby Shoes,أحذية أطفال
Boots,أحذية
Casual Shoes,أحذية مريحة
Clogs,قباقيب
Dance Shoes,أحذيةالرقص
Dress Shoes,أحذية فساتين
Sandals,صنادل
Shoe Materials,مواد أحذية
Shoe Parts & Accessories,قطع واكسسوارات الأحذية
Shoe Repairing Equipment,معدات تصليح الأحذية
Shoe Design Services,خدمات تصمصم الأحذية
Shoe Processing Services,خدمات تصنيع الأحذية
Shoe Stock,مخزون أحذية
Special Purpose Shoes,أحذية للإستعمالات المتعددة
Sports Shoes,أحذية رياضية
Used Shoes,أحذية مستعملة
Amusement Park,مدن ملاهي وترفيه
Artificial Grass & Sport Flooring,عشب إصطناعي وأرضيات
Fitness & Bodybuilding,اللياقة البدنية وكمال الاجسام
Golf,غولف
Indoor Sports,رياضة الأماكن المغلقة
Musical Instruments,ماكينات موسيقية
Outdoor Sports,رياضة الأماكن المفتوحة
Souvenirs,تذكارات
Sports Gloves,قفازات رياضية
Sports Safety,وقاية رياضية
Tennis,تنس
Winter Sports,رياضة شتوية
Antennas For Communications,هوائيات إتصالات
Communication Equipment,معدات الإتصال
Telephones & Accessories,هواتف وملحقاتها
Fabric,نسيج
Fiber,ألياف
Fur,فرو
Grey Fabric,نسيج رمادي
Home Textile,منسوجات منزلية
Leather,جلد
Leather Product,منتجات جلدية
Textile Accessories,ملحقات منسوجات
Textile Processing,تصنيع منسوجات
Textile Stock,مخزون منسوجات
Yarn,خيط غزل
Eyewear,بصريات
Jewelry,مجوهرات
Construction Tools,أدوات بناء
Hand Tools,أدوات يدوية
Leather Crafting Tools,أدوات حرف جلدية
Lifting Tools,أدوات رفع
Material Handling Tools,أدوات التعامل مع المواد
Power Tool Accessories,ملحقات أدوات تعمل بالطاقة
Power Tools,أدوات تعمل بالطاقة
Tool Design Services,خدمات تصمصم الأدوات
Tool Parts,قطع أدوات
Tool Processing Services,خدمات تصنيع أدوات
Tool Sets,أطقم أدوات
Tool Stock,مخزون أدوات
Tools Packaging,حفظ أدوات
Used Tools,أدوات مستعملة
Action Figure,شخصيات أكشن
Baby Toys,ألعاب أطفال
Balloons,بالونات
Candy Toys,ألعاب مصنوعة من الحلويات
Classic Toys,ألعاب كلاسيكية
Educational Toys,ألعاب تعليمية
Electronic Pets,حيوانات أليفة إلكترونية
Fishing Toys,ألعاب صيد
Outdoor Toys & Structures,ألعاب خارجية وهياكل
Pretend Play & Preschool,ألعاب التخيل ومرحلة قبل المدرسة
Puzzle,ألغاز
Solar Toys,ألعاب شمسية
Toy Accessories,ملحقات ألعاب
Toy Animal,ألعاب حيوانات
Toy Guns,ألعاب مسدسات
Toy Parts,قطع ألعاب
Toy Robots,روبوتات
Toy Vehicle,ألعاب مركبات
Wind Up Toys,ألعاب الزنبرك
Aircraft,حوّامات
Aviation Accessories,أكسسوارات حاوامات
Aviation Parts,قطع حوامات
Bicycle,دراجات هوائية
Bicycle Accessories,ملحقات دراجات هوائية
Bicycle Parts,قطع دراجات هوائية
Boats & Ships,قوارب وبواخر
Bus Accessories,ملحقات باصات
Bus Parts,قطع باصات
Container,حاويات
Electric Bicycle,دراجات كهربائية
Electric Bicycle Parts,قطع دراجات كهربائية
Emergency Vehicles,مركبات الإسعاف
Golf Carts,سيارات ملاعب الغولف
Marine Supplies,لوازم بحرية
Personal Watercraft,مركبات مائية شخصية
Railway Supplies,لوازم الخطوط الحديدية
Snowmobile,عربة الثلج
Special Transportation,مواصلات خاصة
Trailers,مقطورات
Train Carriage,عربات قطارات
Train Parts,قطع قطارات
Truck,شاحنات
Truck Accessories,ملحقات شاحنات
Truck Parts,قطع شاحنات
Daily Chemicals,كيماويات يومية
Additives,مضافات
Adhesives & Sealants,لواصق ومانعات التسرب
Agrochemicals,كيماويات زراعية
Basic Organic Chemicals,كيماويات عضوية أساسية
Biological Chemical Products,منتجات كيماوية بيولوجية
Catalysts & Chemical Auxiliary Agents,محفزات وعناصر كيماوية ثانوية
Chemical Reagents,كاشفات كيميائية
Custom Chemical Services,خدمات كيماوية خاصة
Flavour & Fragrance,عطورات ونكهات
Inorganic Chemicals,كيماويات غير عضوية
Lab Supplies,لوازم مختبرات
Non Explosive Demolition Agents,عناصر تهديم غير قابلة للإنفجار
Organic Intermediate,وسيط عضوي
Paint & Coating,طلاء وإكساء
Colorant,صباغ
Polymer,بوليمر
Surface Treatment Chemicals,كيماويات معالجة الأسطح
Agricultural Greenhouses,بيوت بلاستيكية
Animal & Poultry Husbandry Equipment,معدات تربية حيوانات داجنة
Aquaculture Equipment,معدات أحياء مائية
Eggs,بيض
Fowl & Livestock,طيور ومواشي
Broad Beans,فاصولياء عريضة
Butter Beans,فاصولياء زبدة
Chickpeas,حمّص
Kidney Beans,فاصولياء كلى
Lentils,عدس
Lima Beans,فاصولياء ليما
Peas,بازلاء
Soybeans,فول صويا
Vigna Beans,فاصولياء فيجنا
Organic Fertilizer,أسمدة عضوية
Plant Food,أغذية نباتات
Potassium Fertilizer,أسمدة بوتاسيوم
Fresh Apples,تفاح
Fresh Avocados,أفوكادو
Fresh Bananas,موز
Fresh Berries,توت
Fresh Cherries,كرز
Fresh Citrus Fruit,حمضيات
Fresh Coconuts,وز هند
Fresh Dragon Fruit,فاكهة التنين
Fresh Grapes,عنب
Fresh Guava,وافة
Fresh Kiwi Fruit,كيوي
Fresh Mangos,مانجو
Fresh Melons,بطيخ أحمر
Fresh Olives,زيتون
Fresh Papaya,بابايا
Fresh Peaches,دراق
Fresh Pears,كمثرى
Fresh Pineapples,أناناس
Fresh Plums,خوخ
Fresh Pomegranates,رمان
Dates,تمور
Fresh Asparagus,هليون
Fresh Broccoli,بروكلي
Fresh Burdock,أرقطيون
Fresh Capsicum,فليفلة
Fresh Carrots,جزر
Fresh Cassava,كسافا
Fresh Cauliflower,قرنبيط
Fresh Celery Cabbage,كرفس ملفوف
Fresh Cucumber,خيار
Fresh Garlic,ثوم
Fresh Ginger,زنجبيل
Fresh Okra,بامية
Fresh Onions,بصل
Fresh Potatoes,بطاطا
Fresh Pumpkins,قرع
Fresh Radish,فجل
Fresh Scallions,بصل أخضر
Fresh Sweet Potatoes,بطاطا حلوة
Fresh Taro,تارو
Fresh Tomatoes,طماطم طازجة
Barley,شعير
Buckwheat,حنطة سوداء
Millet,دخن
Oats,شوفان
Quinoa,كينوا
Rice,أرز
Rye,راي
Wheat,قمح
Mushrooms,فطر
Truffles,كمأ
Almond,لوز
Betel Nuts,مكسرات تابول
Brazil Nuts,مكسرات برازيل
Cashew Nuts,كاجو
Chestnuts,كستناء
Ginkgo Nuts,مكسرات جنكة
Hazelnuts,بندق
Macadamia Nuts,مكسرات ماكاديميا
Melon Seeds,بذور بطيخ
Peanuts,فستق
Pecan Nuts,جوز أميركي
Pine Nuts,صنوبر
Pistachio Nuts,فستق حلبي
Pumpkin Kernels,بذور يقطين
Sunflower Kernels,بذور عباد الشمس
Walnuts,جوز
Dried Flowers,أزهار مجففة
Fresh Cut Flowers,أزهار مقطوفة حديثا
Natural Plants,نباتات طبيعية
Animal Oil,زيوت حيوانية
Plant Oil,زيوت نباتية
"Flower Bulbs, Seeds & Seedlings",بصلات، بذور وشتلات
Forage Seeds,بذور أعلاف
"Fruit Grafts, Seedlings & Rootstocks",طعوم وشتلات
Oil Seeds,بذور زيوت
Vegetable Seeds,بذور خضروات
Bamboo Raw Materials,مواد بامبو خام
Logs,جذوع
Children's Hoodies & Sweatshirts,بلايز وهوديز
Children's Jackets,اكيتات
Children's Jeans,ينزات
Children's Pants & Trousers,بنطلونات وسراويل
Children's Shirts & Tops,قمصان وبلايز
Children's Shorts,شورتات
Children's Sweaters,بلايز
Children's Vests & Waistcoats,سترات ومعاطف
Girl's Skirts,تنانير
Career Dresses,فساتين عمل
Casual Dresses,فساتين عملية
Club Dresses,فساتين ملاهي
Cocktail Dresses,فساتين كوكتيل
Evening Dresses,فساتين سهرة
Prom Dresses,فساتين حفلات
Africa Clothing,ملابس أفريقية
India & Pakistan Clothing,ملابس هندية وباكستانية
Islamic Clothing,ملابس إسلامية
Traditional Arab Clothing,صينية عربية تقليدية
Badges,شارات
Buttons,أزرار
Cords,أشرطة زينة
Garment Clips,وصلات
Garment Eyelets,عروات
Garment Hooks,خطافات
Garment Labels,علامات
Garment Rivets,براشيم
Garment Tags,ماركات
Hook & Loop Tape,أشرطة خطافات
Interlinings & Linings,بطانات
Knitting Rib,ضلع حياكة
Lace,رباط
Patches,رقعات
Sequins,ترتر
Shoulder Pads,بطانات كتف
Stopper,سدادة
Trimming,تشذيب
Underwear Accessories,إكسسوارات ملابس داخلية
Webbing,شريط تنجيد
Zipper Sliders,مزالق سحابات
Zippers,سحابات
Leg Warmers,جوارب حابسة للحرار
Leggings,ملابس داخلية للساق
Socks,جوارب
Toe Socks,جوارب أصابع القدمين
Baby Clothing Sets,أطقم ملابس الأطفال
Baby Hoodies & Sweatshirts,بلايز وبلايز بقبعات
Baby Jackets,جاكيتات
Baby Pants & Shorts,سراويل وشورتات
Baby Rompers,سراويل قصيرة
Baby Shirts & Tops,قمصان وكنزات
Baby Sleeping Bags,أكياس نوم
Baby Sweaters,كنزات
Baby Vests & Waistcoats,صدريات ومعاطف
Sewing Needles,إبر خياطة
Sewing Threads,بكرات خياطة
Tailor's Scissors,مقصات خياطين
Bathrobes,روب
Lounge Pants,سروال طويل
Nightgown,ثوب نوم
Nightshirts,تي شيرت نوم
Pajamas,بيجاما
Sleep Shorts,شورتات نوم
American Football Wear,ملابس كرة قدم أميركية
Baseball & Softball Wear,ملابس بايسبول
Basketball Wear,ملابس كرة سلة
Camping & Hiking Wear,ملابس تخييم ومشي
Cycling Wear,ملابس دراجات
Fishing Wear,ملابس صيد
Fitness & Yoga Wear,ملابس يوغا ولياقة
Ice Hockey Wear,ملابس هوكي الجليد
Martial Arts Wear,ملابس فنون القتال
Motorcycle & Auto Racing Wear,ملابس سباق السيارات والدراجات
Rugby Football Wear,ملابس ركبي
Running Wear,ملابس جري
Ski & Snow Wear,ملابس تزلج
Soccer Wear,ملابس كرة قدم
Swimwear & Beachwear,ملابس سباحة
Tennis Wear,ملابس تنس
Training & Jogging Wear,ملابس التدريب والجري
Wetsuits,ملابس غطس
Performance Wear,ملابس أداء فني
Training Dancewear,ملابس رقص
Oem Service,صانعي الماركات الخاصة
Bra & Brief Sets,أطقم حمالات الصدر
Bras,حمالات الصدر
Camisoles,قمصان
Men's Briefs & Boxers,ملابس داخلية رجالية
Sexy Underwear,ملابس داخلية مثيرة
Shapers,ملابس داخلية للتنحيف
Women's Panties,ملابس داخلية نسائية
Airline Uniforms,لباس طيران
Bank Uniforms,لباس بنوك
Fireman Uniforms,لباس مطافي
Guard Uniforms,لباس حمراسة
Hospital Uniforms,لباس مستشفيات
Hotel Uniforms,لباس فنادق
Military Uniforms,لباس عسكري
Promotion Uniforms,ملابس ترويج
Restaurant & Bar Uniforms,لباس مطاعم وبارات
School Uniforms,لباس مدارس
Bridesmaid Dresses,فساتين وصيفة شرف
Wedding Accessories,اكسسوارات زفاف
Wedding Dresses,فساتين زفاف
Wedding Jackets,جاكيتات زفاف
Car Care Equipment,معدات العناية بالسيارات
Car Care Products,منتجات العناية بالسيارات
Car Cleaning Tool,أدوات تنظيف السيارات
Car Antenna,هوائيات سيارات
Car Covers,أغطية سيارات
Car Roof Boxes,صناديق أسطح سيارات
Car Roof Racks,رفوف أسطح سيارات
Car Spoilers,سبويلرات
License Frame,إطارات لوحة التسجيل
Tank Cover,غطاء خزان وقود
Tire Covers,أغطية إطارات
Wheel Cover,أغطية رمّات
Windshield Wipers,ماسحات زجاج سيارات
Car Fans,مراوح سيارات
Car Freshener,معطر جو
Car Gear Knob,عتاد مقبض الحركة
Car Mats,ماسحة أرجل
Car Safety Belts,أحزمة أمان
Car Seat Covers,أغطية مقاعد
Car Seats,مقاعد
Car Steering Wheel,عجلات قيادة
Car Sunshade,مظلة سيارة
Seat Cushions,مساند مقعد
Steering Wheel Covers,أغطية مساند مقعد
Steering Wheel Locks,أنظمة إقفال عجلات القيادة
Motorcycle Bags,حقائب
Motorcycle Tail Boxes,صناديق حمل
Motorcycle Body Kits,أطقم لجسم الدراجة
Motorcycle Electrical System,أنظمة كهربائية
Motorcycle Engines Shock Absorber,ماصّات الصدمات
Motorcycle Steering,مقود التوجيه
Motorcycle Transmissions,ناقل حركة
Auto Fastener & Clip,كليبات
Tube Assembly,أنابيب مجمعة
Wire Assembly,أسلاك مجمعة
Auto Production Line Equipment,معدات خطوط تصنيع سيارات
Body Repair Equipment,معدات إصلاح الجسم
Car Lifts,مصاعد سيارات
Parking Equipment,معدات كراج السيارة
Tire Changers,معدات تغيير الإطارات
Wheel Alignment,محاذاة العجلات
Diagnostic Tools,معدات تشخيص
Emergency Tools,معدات طوارىء
Grease Gun,مسدس تشحيم
Tire Gauges,مقياس ضغط الإطار
Tire Inflators,معدات نفخ الهواء
Tire Repair Tools,إطارات أدوات إصلاح
Transmission Jacks,رافعات نقل
Auto Brake Systems,أنظمة فرامل
Auto Drive Systems,أنظمة قيادة سيارات
Auto Steering Systems,أنظمة توجيه
Auto Lighting System,أنظمة إنارة
Auto Meter,عدادات
Auto Relays,مبدلات قدرة
Auto Sensors,حساسات
Auto Starter,مقلعات
Auto Switches,مفاتيح
Car Alternator,مولدات تيار متناوب
Speaker & Horn,سماعات وزمامير
Bluetooth Car Kit,مجموعة بلوتوث السيارة
Car Cassette Player,مشغل أشرطة
Car Cd Player,مشغل أقراص سي دي
Car Charger,شاحن
Car Dvd Player,مشغل دي في دي
Car Holder,حامل كؤوس
Car Monitor,تلفزيون
Car Mp3 Player,مشغل MP3
Car Pc,كمبيوتر سيارة
Car Radio,راديو
Car Reversing Aid,أنظمة تنبيه رجوع للوراء
Central Locking System,أقفال مركزية
Navigation & Gps,ملاحة و جي بي أس
Subwoofers,مضخمات صوت
Air Intakes,مآخذ هواء
Auto Ignition System,شمعات احتراق
Cooling System,نظم تبريد
Crank Mechanism,كرانك
Engine Assembly,مجموعة محرك
Engine Mounts,حوامل المحرك
Exhaust System,عوادم
Fuel Systems,أنظمة وقود
Lubrication System,نظام تشحيم
Valve Train,صمامات
New Cars,سيارات جديدة
Used Cars,سيارات مستعملة
Air Conditioning System,نظام تكييف هواء
Car Bumpers,مصدات
Engine Hoods,قلنسوات محرك
Bath Beads,خرز حمّام
Bath Powder,مسحوق حمّام
Bath Salt,ملح حمّام
Bath Set,مجموعة حمّام
Bubble Bath,فقاعات حمّام
Hand Wash,غسول اليد
Shower Gel,جل استحمّام
Soap,صابون
Anti-Wrinkle Machinery,ماكينات مضاد للتجاعيد
Facial Steamer,مبخرة وجه
Facial Tanner,مسمّر وجه
Ipl Machinery,ماكينة شعر
Laser Beauty Equipment,أدوات تجميل ليزر
Magnifying Lamp,مصباح مكبّر
Microdermabrasion Machinery,أداة كشط الجلد
Multi-Functional Beauty Equipment,أدوات جمال متعددة الإستخدام
Oxygen Jet,جهاز أكسجين
Pdt Machinery,PDT ماكينات
Skin Analyzer,محلل جلد
Spa Capsule,كبسولة معالج صحي
Tanning Bed,سرير تسّمير
Uv Meter,مقياس أشعة فوق بنفسجية
Vacuum Cavitation System,هاز تفريغ جوفي
Wax Heater,سخان إزالة الشعر بالواكس
Airbrush,بخاخة
Body Painting Supplies,لوازم الرسم على الجسم
Tattoo Grip,قيضة وشم
Tattoo Gun,مدفع وشم
Tattoo Ink,حبر وشم
Tattoo Kits,أطقم وشم
Tattoo Needle,إبرة وشم
Tattoo Stencil,وشم استنسل
Tattoo Sticker,لاصق وشم
Breast Enhancement Cream,كريم تعزيز الثدي
Breast Form,قالب ثدي
Breast Mask,قناع ثدي
Breast Massager,مدلك ثدي
Nursing Pad,وسادة تمريض
Panty Liner,بطانة لباس داخلي
Sanitary Napkin,منديل صحي
Deodorant & Antiperspirant,مزيل عرق ومضاد للتعرق
Perfume,عطر
Hair Conditioner,بلسم شعر
Hair Dye,صبغ شعر
Hair Styling Products,منتجات تصفيف الشعر
Hair Treatment,عناية بالشعر
Perm Lotion,لوسيون مجّعد شعر
Shampoo,شامبو
Fringes,غرّة
Hair Extension,وصلات شعر
Wigs,شعر مستعار
Comb,مشط
Hair Curler,بكرة شعر
Hair Dryer,مجّفف شعر
Hair Extension Tools,أدوات توصيل الشعر
Hair Perm Machinery,أدوات تمويج شعر
Hair Roller,بكرةشعر
Hair Steamer,مبخرة شعر
Hair Straightener,مجلّس شعر
Hair Trimmer,مجذّب شعر
Hair Brush,فرشاة شعر
Hair Dressing Cape,غطاء مقعد تصفيف الشعر
Hair Dressing Foil,رقاقات تصفيف الشعر
Concealer,مكياج إخفاء
Eye Shadow,ظل عيون
Eye Brow Pencil,قلم حجاب العين
Eyeliner,كحل
Foundation,كريم الأساس
Lip Balm,بلسم شفاه
Lip Gloss,ملمع شفاه
Lip Liner,مخطط شفاه
Lipstick,أحمر شفاه
Makeup Base,مكياج الأساس
Makeup Remover,مزيل ماكياج
Makeup Sets,مجموعات مكياج
Mascara,ماسكارا
Cosmetic Puff,منفّخ الخدود
Eye Shadow Applicator,قلم ظل
Eyebrow Trimmer,مشذّب حاجب العين
Eyebrow Tweezers,ملقط حاجب العين
Eyelash Curler,مجعد رموش
Eyelash Glue,غراء رموش
False Eyelashes,رموش اصطناعية
Makeup Brushes,فراشي تجميل
Makeup Mirror,مرآة تجميل
Makeup Scissors,مقصات تجميل
Makeup Tool Kits,مجموعة تجميل كاملة
Nail Art,فن الأظافر
Nail Painting,طلاء الأظافر
Dental Flosser,خيوط تنظيف
Mouthwash,غسول فم
Teeth Whitening,تبييض أسنان
Toothbrush,فرشاة أسنان
Toothbrush Sanitizer,مطهر فرشاة أسنان
Toothbrushes Head,رأس فرشاة أسنان
Toothpaste,معجون أسنان
Diapers/Nappies,حفاضات
Facial Tissue,مناديل وجه
Paper Napkins & Serviettes,مناديل ومناديل مائدة
Toilet Tissue,مناديل حمّام
Wet Wipes,مناديل مرطبة
Aftershave,بعد الحلاقة
Depilatory Wax,شمع مزيل الشعر
Electric Shavers,ماكينة حلاقة كهربائية
Hair Removal Cream,كريم مزيل شعر
Nose & Ear Trimmer,مشذّب شعر الأذن والأنف
Razor,موس
Razor Blade,نصل موس
Shaving Brush,فرشاة حلاقة
Shaving Cream,كريم حلاقة
Shaving Foam,رغوة حلاقة
Baby Oil,زيت لبشرة الأطفال
Baby Powder/Prickly Heat Powder,بودرة حماية من السخونة
Body Lotion,لوسيون
Eye Cream,كريم عيون
Eye Mask,قناع كريم للعين
Face & Body Mask,قناع كريم للجسم والوجه
Face Cream & Lotion,لوسيون للجسم والوجه
Facial Cleanser,منظف الوجه
Foot Skin Care,العناية بالأقدام
Hand Cream & Lotion,كريم ولوسيون لليدين
Perfume Oil,زيوت عطرية
Skin Care Serum,مصل عناية بالبشرة
Skin Care Set,مجموعة عناية بالبشرة
Skin Toner,حبر للبشرة
Slimming Cream,كريم تنحيف
Sunscreen,واقي شمس
Tanning Lotion,لوسيون تسمير بشرة
Bathroom Accessories,اكسسوارات حمّام
Bathroom Sinks,مغاسل
Bathroom Vanities,خزائن حمّام
Bidets,مراحيض تغسيل
Sanitary Ware Suite,أطقم أدوات صحية
Shower Rooms & Accessories,غرف استحمّام وملحقاتها
Spa Tubs & Sauna Rooms,أحواض سبا وغرف ساونا
Squat Pans,مراحيض القرفصاء
Toilet Bowls,مراحيض الجلوس
Toilet Seats,مقاعد مراحيض
Toilet Tanks,خزان مياه المرحاض
Toilets,مراحيض
Urinals,مبولة
Cement Boards,ألواح اسمنتية
Plaster boards,ألواح بلاستر
Sandwich Panels,ألواح محشوة
Ceiling Grid Components,مكونات أسقف شبكية
Ceiling Tiles,بلاط أسقف
Curtain Walls,ستائر جدران
Spiders,عناكب
Automatic Door Operator,مشغل باب أوتوماتيكي
Door & Window Bolts,مسامير وبراغي
Door & Window Sills,عتبات
Door Closers,مغلاق
Door Plates,ألواح أبواب
Door Stops,مانع إنقلاق
Door Viewers,منظار الباب
Doorbells,أجراس
Garage Door Openers,فتاح باب مرآب
Gate Operators,مشغللات البوابات
Shutters,مغلقات/مصاريع
Geocells,خلايا أرضية
Geogrids,شبكات أرضية
Geomembranes,أغشية أرضية
Geotextiles,منسوجات أرضية
Elevator Parts,أجزاء مصعد
Elevators,مصاعد
Escalator Parts,أجزاء سلم متحرك
Escalator,سلم دوار
Moving Walks,مماشي متحرمة
Bathroom Faucets,حنفيات حمّام
Faucet Accessories,ملحقات حنفيات وخلاطات
Kitchen Faucets,حنفيات مطبخ
Fireplace Parts,أجزاء أفران
Fireplaces,مداخن
Stoves,أفران
Calcium Silicate Boards,كسيوم مجس سيليكات
Magnesium Oxide Boards,مغنيسيوم مجس أكسيد
Anti-Static Flooring,أرضيات مضاضة للكهرباء الساكنة
Bamboo Flooring,أرضيات من أخشاب الخيزران
Cork Flooring,أرضيات فلّين
Flooring Accessories,ملحقات أرضيات
Plastic Flooring,أرضيات بلاستيك
Rubber Flooring,أرضيات مطاط
Wood Flooring,أرضيات أخشابية
Eps Foamboards,ربحية سهم Foamboards
Xps Boards,إكسبس مجس
Kitchen Cabinets & Accessories,خزائن مطبخ وملحقاتها
Kitchen Sinks,أحواض مطبخ
Kitchen Storage,خزائن التخزين
Ladders & Scaffolding Parts,قطع للسلالم والسقالات
Scaffolding,سقالات
Work Platforms,منصات عمل
Cobbles & Pebbles,حصى وأحجار
Curbstones,أحجار جانب الطريق
Mushroom Stones,أحجاب على شكل فطر
Paving Stone,حجارة رصف
Tactile Paving,حجارة رصف لمسية
Aggregate,ركام
Bricks,قرميد
Building Blocks,كتل بناء
Cement,اسمنت
Concrete Admixtures & Mortar Admixtures,مضافات خرسانة وملاط مواد مضافة
Gypsum Powder,مسحوق جبس
Mortar,ملاط
Roof Tiles,بلاط أسطح
Architecture Membrane,هيكل معماري
Plastic Profiles,مقاطع بلاستيكية
Sun Sheets & Pc Embossed Sheets,صفائح شمسية وصفائح مغبّشة
Artificial Stone,حجر اصطناعي
Natural Stone,حجر طبيعي
Apartments,شقق
Farms,مزارع
Forest,غابات
Hotels,فنادق
Land,أراضي
Office Buildings,أبنية مكاتب
Prefab Houses,منازل مسبقة الصنع
Shops,محلات
Villas,فلل
Warehouses,مستودعات
Workshops & Plants,ورش ومصانع
Acoustic Panels,ألواح عازلة للصوت
Sound Barriers,حواجز صوت
Stair Parts,أجزاء سلالم
Arches,أقواس
Pillars,أعمدة
Statues,تماثيل
Stone Garden Products,منتجات حدائق حجرية
Tiles Accessories,ملحاقات بلاط
Tiles,بلاط
Anticorrosive Woods,أخشاب ضد التآكل
Decorative High Pressure Laminates/Hpl,صفائح ديكور عالية الضغط / اتش بي ال
Fibreboards,ألواح ليفية
Finger Jointed Boards,ألواح متصلة عن طريق إصبع
Laminated Wood Boards/Blockboards,ألواح أخشاب رقائقي
Melamine Boards,ألواح ميلامين
Plywoods,ألواح البلاي القشرية
Solid Wood Boards,ألواح أخشابية صلبة
Veneers,قشور الأخشاب
Geosynthetic Clay Liner,قميص عزل اصطناعي أرضي
Roofing Felts,لبّادات تسقيف
Waterproof Membrane,هياكل مقاومة للماء
Backgrounds,خلفيات
Battery Grip,قبضة بطارية
Camera Flash Lights,فلاش
Camera Lens Hoods,أغطية عدسات
Camera Video Bags,أكياس فيديو
Digital Cameras,كاميرات رقمية
Digital Photo Frames,إطارات صور رقمية
Film Cameras,كاميرات
Films,أفلام
Flash Diffusers,موزع فلاشات
Lens Adapters,محولات عدسات
Mini Camcorders,كاميرات صغيرة الحجم
Photo Studio Accessories,ملحقات استديو التصوير
Photographic Lighting,إضاءة تصوير فوتوغرافي
Shutter Release,مصراع
Stabilizers,مثبتات
Video Cameras,كاميرات فيديو
Cable,كابل
Cable Winders,لفافات أسلاك
Card Readers,قارئات بطاقات
Chargers,شواحن
Digital Batteries,بطاريات رقمية
Earphone Accessories,ملحقات سماعات
Earphone & Headphone,سماعات رأس وأذن
Memory Cards,بطاقات ذاكرة
Microphones,ميكروفونات
Power Banks,حافظات الطاقة
Remote Control,تحكم عن بعد
Screen Protectors,واقيات شاشة
Speakers,ومكبراتصوت
Blank Disks,أقرلص فارغة
Computer Cases & Towers,أبراج كمبيوترات وصناديق
Cpus,وحدات معالجة مركزية
Desktops & All In One,مكاتب كمبيوتر
Fans & Cooling,مراوح تبريد
Firewall & Vpn,جدار حماية وفي بي ان
Graphics Cards,بطاقات رسومبات الشاشة
Hard Drives,سواقة أقراص صلبة
Hdd Enclosure,محفظة أقراص صلبة
Industrial Computer & Accessories,كمبيوترات صناعية وملحقاتها
Keyboard Covers,أغطية لوحات المفاتيح
Keyboard Mouse Combos,أطقم لوحةات المفاتيح والفأرات
Kvm Switches,KVM مفاتيح
Laptop Cooling Pads,وسادات تبريد كمبيوتر محمول
Laptops,كمبيوتر محمول
Modems,أجهزة مودم
Monitors,شاشات كمبيوتر
Mouse,ماوسات
Mouse Pads,وسادة ماوس
Network Cabinets,خزائن شبكات
Network Cards,بطاقات شبكات
Network Hubs,محاور شبكات
Network Switches,مفاتيح شبكات
Networking Storage,مخازن شبكات
Optical Drives,سواقات ضوئية
Pc Power Supplies,إمدادات طاقة الكمبيوتر
Pc Stations,محطة كمبيوتر
Pda Bags & Cases,حقائب بي دي اي
Pdas,بي دي اي
Printers,طابعات
Routers,راوترات
Scanners,ماسحات ضوئية
Servers,خوادم
Software,برمجيات
Sound Cards,بطاقات صوت
Tablet Covers & Cases,أغطية وحقائب أجهزة لوحية
Tablet Pc,أجهزة لوحية
Tablet Pc Stands,حوامل أجهزة لوحية
Usb Flash Drives,أجهزة ذاكرة محمولة
Usb Gadgets,USB ادوات
Usb Hubs,موزعات يو اس بي
Webcams,كاميرات ويب
Electronic Books,كتب إلكترونية
Music,موسيقى
3D Glasses,نظارات ثلاثية أبعاد
Blu-Ray Players,مشغلات أقراص بلو راي
"Home Dvd, Vcd Players",مشغل دي في دي وأقراص فيديو
Home Radio,راديو منزلي
Home Theatre System,نظام مسرح منزلي
Karaoke Players,أجهزة كاريوكي
Televisions,تلفزيونات
Tv Receivers,مستقبلات تلفزيونات
Mobile Phone Antenna,هوائي هاتف محمول
Mobile Phone Bags & Cases,أغطية وكفرات
Mobile Phone Flex Cables,كابلات قابلة للطوي
Mobile Phone Holders,حوامل هواتف محمولة
Mobile Phone Sim Cards,بطاقة SIM
Mobile Phone,هواتف محمولة
Pagers,أجهزة البيجر
Walkie Talkie,جهاز لاسلكي
Blank Records & Tapes,كاسيت واسطوانات فارغة
Cassette Recorders & Players,كاسيت مسجلات وأقراص مضغوطة
Cd/Dvd Players Bags & Cases,حقائب وأغطية
Digital Voice Recorders,مسجلات صوت رقمية
Ebook Reader,قارئ كتاب
Mp3 Bags & Cases,حقائب وأغطية Mp3
Mp3 Players,مشغلات Mp3
Mp4 Players,مشغلات Mp4
Portable Cd Player,مشغلات أقراص محمولة
Portable Dvd/Vcd Players,مشغلات أقراص فيديو ودي في دي محمولة
Portable Radio,راديو محمول
Quran Players,قرآن إلكتروني
Video Glasses,نظارات فيديو
Game Software,ألعاب رقمية
Joysticks & Game Controllers,عصى تحكم وأجهزة توجيه
Light Guns,بنادق ضوئية
Sensor Bars,قضبان استشعار
Video Game Consoles,أنظمة تشغيل ألعاب فيديو
Video Game Player Cases,حقائب وأغطية أنظمة تشغيل ألعاب فيديو
Battery Packs,مجموعة بطاريات
Button Cell Batteries,بطاريات أزرار
Fuel Cells,خلايا وقود
Primary & Dry Batteries,بطاريات جافة
Rechargeable Batteries,بطاريات قابلة للشحن
"Solar Cells, Solar Panel",خلايا شمسية، لوحة طاقة شمسية
Storage Batteries,بطاريات تخزين
Alligator Clips,دبابس تمساح
Connectors,موصلات
Terminal Blocks,كتل محطات
Terminals,محطات
Alternative Energy Generators,مولدات طاقة بديلة
Diesel Generator,مولدات ديزل
Gas Turbine Generator,مولد غاز توربيني
Gasoline Generators,مولدات بنزين
Generator Parts & Accessories,قطع غيار واكسسوارات مولدات
Ac/Dc Adapters,محولات تيار متردد/متناوب
Inductors,محاثات
Industrial Power Supply,إمدادات طاقة صناعية
Inverters & Converters,محولات وعاكسات
Switching Power Supply,إمدادات طاقة متبدلة
Uninterrupted Power Supply Ups,وحدة تخزين ضد انقطاع التيار الكهربائي
Voltage Regulators/Stabilizers,منظمات ومثبتات تيار كهربائي
Dip Switches,DIP مفاتيح
Flow Switches,مفاتيح تدفق
Limit Switches,مفاتيح حد
Micro Switches,مفاتيح صغيرة
Pressure Switches,مفاتيح ضغط
Push Button Switches,مفاتيح ضغط زر
Remote Control Switches,مفاتيح تحكم عن بعد
Rocker Switches,مفاتيح روكر
Rotary Switches,مفاتيح دوارة
Slide Switches,مفاتيح إنزلاق
Time Switches,مفاتيح زمنية
Toggle Switches,مفاتيح بمسمار عقدة
Wall Switches,مفاتيح جدارية
Cable Manufacturing Equipment,معدات تصنيع كابلات
Control Cables,كابلات تحكم
Electrical Wires,أسلاك كهربائية
Instrumentation Cables,كابلات أجهزة قياس
Power Cables,كابلات طاقة
Power Cords & Extension Cords,وصلات طاقة
Wiring Harness,جديلة أسلاك
Cable Clips,ماسكات أسلاك
Cable Conduits,كابلات أنابيب
Cable End Caps,أغطية نهايات الأسلاك
Cable Sleeves,أكمام
Cable Ties,روابط
Cable Trays,صواني
Patch Panel,لوحة تصحيح
Wiring Ducts,مجاري أسلاك
Diodes,ديودات
Integrated Circuits,دارات متكاملة
Oscillators,مذبذبات
Rectifiers,مصححات
Resonators,مرننات
Sensors,مجسات
Thyristors,ثايرستور
Transistors,ترانزستور
Electrical Ceramics,سيراميك إلكتروني
Electrical Contact & Contact Materials,موصلات إلكترونية ومواد موصلة
Insulation Material & Elements,مواد وعناصر عزل
Semiconductors,أشباه موصلات
Lcd Modules,وحدات عرض LCD
Led Displays,وحدات عرض LED
Acoustic Components,مكونات صوتية
Potentiometers,أجهزة قياس الجهد
Resistors,مقاومات
Diesel Fuel,وقود ديزل
Gasoline,بنزين
Jet Fuel,وقود طائرات
Kerosene,كيروسين
Bitumen,زفت
Lubricant,زيت تشحيم
Mazut,مازوت
Paraffin,بارافين
Petroleum Gas,غاز بيترولي
Vaseline,فازلين
Solar Chargers,شواحن شمسية
Solar Collectors,مستجمعات شمسية
Solar Controllers,وحدات تحكم شمسية
Solar Energy Systems,أنظمة طاقة شمسية
Chemical Waste,نفايات كيميائية
Textile Waste,نفايات نسيجية
Waste Paper,نفايات ورقية
Belt Chains,سلاسل
Beaded Belts,أحزمة مطرزة
Chain Belts,أحزمة بسلاسل
Fabric Belts,أحزمة قماشية
Genuine Leather Belts,أحزمة جلدية حقيقية
Knitted Belts,أحزمة محبوكة
Metal Belts,أحزمة معدنية
Plastic Belts,أحزمة بلاستيكية
Pvc Belts,أحزمة بي في سي
Acrylic Gloves & Mittens,قفازات اكريليك
Cashmere Gloves & Mittens,قفازات كشمير
Cotton Gloves & Mittens,قفازات قطن
Feather Gloves & Mittens,قفازات ريش
Leather Gloves & Mittens,قفازات جلدية
Nylon Gloves & Mittens,قفازات نايلون
Woolen Gloves & Mittens,قفازات صوفية
Ear Muffs,أغطية أذن
Hair Accessories,اكسسوارات للشعر
Hats & Caps,أغطية للرأس وقبعات
Scarves & Shawls,شالات
Ties & Accessories,علاقات وملحقات
Beer,بيرة
Cocktails,كوكتيل
Fruit Wine,نبيذ فواكه
Liqueurs,خمور
Rice Wine,نبيذ أرز
Spirits,مشروبات روحية
Wine,نبيذ
Baby Cereal,حبوب
Baby Formula,مكونات
Baby Juice,عصير
Baby Puree,طعام مهروس
Meat,لحوم
Bread,خبز
Breadcrumbs,فتات خبز
Cakes,كعك
Ice Cream Cones,آيس كريم مخاريط
Pastries,معجنات
Pizza,بيتزا
Tortillas,عجة
Bean Sprouts,فول نابت
Soy Milk,حليب صويا
Tofu,توفو
Canned Crustacean,قشريات معلبة
Canned Fish,أسماك معلبة
Canned Fruit,فاكهة معلبة
Canned Meat,لحوم معلبة
Canned Vegetables,خضروات معلبة
Coffee Beans,حبوب قهوة
Ground Coffee,قهوة مطحونة
Instant Coffee,قهوة فورية
Whole Bean Coffee,حبوب قهوة كاملة
Candy,حلوى
Chocolate,شوكولاته
Gum,صمغ
Liquid Candy,حلوى سائلة
Butter,زبدة
Cheese,جبن
Condensed Milk,حليب مكثف
Cream,كريم
Dairy Extractive,مستخلص الألبان
Ice Cream,آيس كريم
Milk,حليب
Milk Powder,مسحوق حليب
Yogurt,زبادي
Mineral Water,مياه معدنية
Pure Water,مياه نقية
Sparkling Water,مياه فوارة
Bakery Decoration Ingredients,مكونات تزيين المخبوزات
Cocoa Ingredients,مكونات كاكاو
Food Additives,مضافات غذائية
Glial,دبقية
Non Dairy Creamer,مبيضات غير لبنية
Pastry Mixes,خلطات عجينية
Starch,نشاء
Swelling,مكونات نفخية
Dried Fruit,فاكهة مجففة
Frozen Fruit,فاكهة مجمدة
Preserved Fruit,فاكهة محفوظة
Breakfast Cereal,حبوب إفطار
Coarse Cereal Products,منتجات حبوب خشنة
Flour,دقيق
Gluten,غلوتين
Pasta,معكرونة
Rice Noodle,معكرونة أرز
Bee Pollen,غبار لقاح النحل
Bee Wax,شمع
Honey,عسل
Propolis,عكبر
Royal Jelly,هلام ملكي
Hamburger,همبرغر
Instant Noodles,نودلز فورية التحضير
Instant Rice,أرز فوري التحضير
Instant Soup,حساء فوري التحضير
Meat Dishes,أطباق لحوم
Sandwiches,سندويشات
Seafood Dishes,مأكولات بحرية
Sushi,سوشي
Vegetables Dishes,أطباق خضروات
Beef,لحم بقر
Camel Meat,لحم إبل
Goat Meat,لحم عواس
Horse Meat,لحم حصان
Kangaroo Meat,لحم كنغر
Meat Product,منتجات لحوم
Poultry Meat,لحوم دواجن
Rabbit Meat,لحم أرنب
Venison,لحم غزال
Sheep Meat,لحم أغنام
Crab,سلطعون
Cuttlefish,سبيدج
Fish,سمك
Fish Sausage,سجق سمك
Lobster,سرطان البحر
Octopus,أخطبوط
Roe,بيض سمك
Seacucumber,خيار البحد
Sea Urchin,قنفذ بحر
Seafood Snacks,وجبات خفيفة بحرية
Seaweed,أعشاب بحرية
Shellfish,محار
Shrimp,روبيان
Squid,حبار
Surimi,سمك مفروم
Black Bean Sauce,صلصة فاصوليا سوداء
Fermented Bean Curd,مخمرة فول رائب
Monosodium Glutamate,غلوتامات أحادية الصوديوم
Pickles,مخللات
Puree,هريس
Salt,ملح
Sauce,صلصة
Seafood Condiment,بهارات مأكولات بحرية
Soy Sauce,صلصة صويا
Spices & Herbs Products,توابل وأعشاب
Sugar,سكر
Vinegar,خل
Bean Snacks,وجبات بقولية خفيفة
Dairy Snacks,وجبات ألبان خفيفة
Egg Snacks,وجبات بيض خفيفة
Fruit & Vegetable Snacks,وجبات فاكهة وخضروات خفيفة
Grain Snacks,وجبات حبوب خفيفة
Jelly & Pudding,جيلي ومهلبية
Meat Snacks,وجبات لحوم خفيفة
Nut & Kernel Snacks,وجبات جوز ونواة خفيفة
Bubble Tea Drinks,شاي مشروبات غازية
Cacao Drinks,مشروبات كاكاو
Carbonated Drinks,مشروبات غازية
Coffee Drinks,مشروبات قهوة
Energy Drinks,مشروبات طاقة
Fruit & Vegetable Juice,عصير خضراوات وفواكه
Grain & Nut Juice,عصير حبوب وجوز
Tea Drinks,مشروبات شاي
Black Tea,شاي أسود
Flavor Tea,شاي نكهات
Green Tea,شاي أخضر
Oolong Tea,شاي صيني اسود
Pure Tea,شاي نقي
Slimming Tea,شاي تخسيس
White Tea,شاي أبيض
Yellow Tea,شاي أصفر
Preserved Vegetables,خضراوات محفوظة
Dried Vegetables,خضروات مجففة
Frozen Vegetables,خضروات مجمدة
Children Furniture Sets,أطقم أثاث
Children Sofa,كنبة
Bar Furniture,أثاث بارات
Hospital Furniture,أثاث مستشفيات
Hotel Furniture,أثاث فنادق
Industrial Chairs,كراسي صناعية
Laboratory Furniture,أثاث مختبرات
Library Furniture,أثاث مكتبات
Office Furniture,أثاث مكاتب
Restaurants Furniture,أثاث مطاعم
Salon Furniture,أثاث صالونات
School Furniture,أثاث مدارس
Theater Furniture,أثاث مسرح
Waiting Chairs,كراسي انتظار
Door Catches & Door Closers,مغلقات وماسكات
Draw Slides,سكك إغلاق
Furniture Handles & Knobs,مقابض ومسكات
Chair Mechanisms,آلية كرسي
Furniture Frames,أثاثإطارات
Furniture Legs,أرجل
Swivel Plates,لوحات دوّارة
Bathroom Furniture,أثاث حمّام
Bedroom Furniture,أثاث غرفة نوم
Dining Room Furniture,أثاث غرفة طعام
Kitchen Furniture,أثاث مطبخ
Living Room Furniture,أثاث غرفة معيشة
Outdoor Furniture,أثاث الأماكن المفتوحة
Bamboo Crafts,حرف أخشاب البامبو
Clay Crafts,حرف طينية
Crystal Crafts,حرف كريستال
Glass Crafts,حرف زجاج
Leather Crafts,حرف جلدية
Metal Crafts,حرف معدنية
Natural Crafts,حرف طبيعية
Paper Crafts,حرف ورقية
Plastic Crafts,حرف بلاستيكية
Pottery & Enamel,فخاريات
Resin Crafts,حرف صمغية
Semi-Precious Stone Crafts,حرف أحجار شبه كريمة
Stone Crafts,حرف حجرية
Textile & Fabric Crafts,حرف أقمشة ونسيج
Wicker Crafts,حرف خيزران
Wood Crafts,حرف أخشابية
Christmas Decoration Supplies,لوازم ديكور عيد ميلاد
Decorative Flower & Wreaths,ديكور زهور وأكاليل
Event & Party Supplies,لوازم حفلات
Fireworks & Firecrackers,ألعاب نارية
Party Masks,أقنعة حفلات
Anchors,مرتكزات
Bolts,مسامير توصيل
Nails,مسامير
Nuts,حلقات
Rivets,مسامير البرشام
Washers,حلقات تسميك
Veterinary Instrument,أدوات
Veterinary Medicine,أدوية
Animal Extract,مستخلصات حيوانية
Plant Extract,مستخلصات نباتية
Healthcare Supplies,لوازم رعاية صحية
Healthcare Supplement,ملحقات رعاية صحية
General Assay & Diagnostic Apparatus,أجهزة تشخيص عامة
Implants & Interventional Materials,مواد قابلة للزرع
Medical Consumables,مواد استهلاكية طبية
Medical Cryogenic Equipments,أجهزة تبريد طبية
Medical Software,برامج كمبيوتر طبية
Physical Therapy Equipment,أجهزة علاج فيزيائي
Radiology Equipments & Accessories,أجهزة أشعة وملحقاتها
Sterilization Equipments,معدات تعقيم
Surgical Instrument,أدوات جراحة
"Ultrasonic, Optical, Electronic Equipments",أجهزة بموجات فوق صوتية، بصرية، وإلكترونية
Ward Nursing Equipments,معدات إستطباب متنقلة
Anti Infective Medicine,مضادات إلتهاب
Antiparasitic Medicine,مضادات طفيليات
Dermatological Medicine,أدوية جلدية
Gastrointestinal Medicine,أدوية جهاز الهضم
"Mouth, Ear ,Nose & Throat Medicine",أدوية فم، أنف وأذن وحنجرة
Ophthalmic Remedy,أدوية العين
Orthopedics Medicine,أدوية العضمية
Respiratory System Medicine,أودية جهاز التنفس
Vitamin & Trace Elements,فيتامينات وعناصر تتبع
Baking & Pastry Tools,أدوات خبز وعجن
Baking Dishes & Pans,أطباق ومقالي
Cake Tools,أدوات خبز كاتو
Cookie Tools,أدوات خبز الكوكيز
Pie Tools,أدوات خبز فطائر
Pizza Tools,أدوات بيتزا
Rolling Pins & Pastry Boards,لوحات وأدوات عجن
Bar Accessories,اكسسوارات بار
Bar Sets,أطفم بار
Bar Tools,أدوات بار
"Buckets, Coolers & Holders",حوامل، مبردات، جرادل
Basins,أحواض سباحة
"Bath Brushes, Sponges & Scrubbers",فراشي واسفنجات
Bath Mats,حصر
Bathroom Sets,أطقم حمّام
Shower Caps,رؤوس أدواش
Shower Curtain Poles,قضبان ستارة الحمّام
Shower Curtains,ستائر الحمّام
Toilet Plungers,مكبس تسليك المرحاض
Toilet Seat Cover,غطاء مقعد المرحاض
Cheese Tools,أدوات صناعة أجبان
Coffee & Tea Tools,أدوات قهوة وشاي
Colanders & Strainers,مضافي
Cooking Tool Sets,أطقم طبخ
Dessert Tools,أدوات الحلويات
Egg Tools,أدوات بيض
Fruit & Vegetables Tools,أدوات خضار وفواكه
Herb & Spice Tools,أدوات أعشاب وتوابل
Ice Cream Tools,أدوات آيس كريم
Kitchen Lighters,ولاعات
Measuring Tools,أدوات قياس
Meat & Poultry Tools,أدوات لحوم ودواجن
Mills,مطاحن
Openers,فتاحات
Pasta Tools,أدوات معكرونة
Salad Tools,أدوات سلطة
Seafood Tools,أدوات مأكولات بحرية
Specialty Tools,أدوات خاصة
Spoon Rests,ملاعق
Sushi Tools,أدوات سوشي
Utensils,أواني
Cookware Parts,أجزاء أطقم الخبز
Double Boilers,غلايات مزدوجة
Dutch Ovens,أفران هولندية
Casseroles,أوعية مقاومة للحرارة
Pans,مقلاة
Pressure Cookers,طناجر ضغط
Soup & Stock Pots,إبريق حساء
Steamers,أجهزة طهي بخار
Thermal Cooker,طباخ حراري
Water Kettles,غلايات مياه
Garden Buildings,مباني حديقة
Garden Landscaping & Decking,مناظر طبيعية وتزيين
Garden Pots & Planters,أباريق حديقة وأدوات غرس
Outdoor Heaters,سخانات خارجية
Shade,ظل
Watering & Irrigation,سقاية وري
Crystal Soil,كريستالات زينة
"Curtain Poles, Tracks & Accessories",قضبان ستاذر، مسارات وملحقات
Fridge Magnets,مغناطيس ثلاجة
Plaques,لويحات مخرفة
Screens & Room Dividers,حواجز ومقسمات غرف
Vases,مزهريات
Hooks & Rails,خطافات وقضبان
Storage Bags,حقائب تخزين
Storage Baskets,سلل
Storage Bottles & Jars,زجاجات ومرطبانات
Storage Boxes & Bins,صناديق تخزين
Storage Drawers,أدراج تخزين
Storage Holders & Racks,رفوف وحوامل
Storage Trays,صواني تخزين
Air Fresheners,معطرات هواء
Drain Cleaners,منظفات مصرف المياه
Wax & Polishes,شمع وملمعات
Brooms & Dustpans,مكانس ومجارف
Buckets,دلاء
Cleaning Brushes,فرشاة تنظيف
Cleaning Cloths,أقمشة تنظيف
Dusters,منافض
Household Gloves,قفازات منزلية
Lint Rollers & Brushes,فراشي مزيلة للشعر والغبار
Mops,مماسح
Sponges & Scouring Pads,إسفنج ووسادات تنظيف
Squeegees,ممسحة
Waste Bins,صناديق نفايات
Aprons,مرايل
Baby Supplies & Products,لوازم ومنتجات أطفال
Fireplace Sets & Accessories,مجموعات مواقد وملحقاتها
Hotwater Bottles,زجاجات للمياه الساخنة
Household Scales,موازين منزلية
Household Thermometers,موازين حرارة
Ice Cube,مكعب ثلج
Lighters & Smoking Accessories,ولاعات ولوازم تدخين
Mailboxes,صناديق بريد
Needlework,تطريز
Oven Mitts,قفازات أفران
Pest Control,مكافحة حشرات
Rain Gear,عتاد مطر
Chopping Blocks,ألواح تقطيع
Kitchen Knives,سكاكين مطبخ
Knife Sets,مجموعات سكين
Sharpeners,مباري
Clothes Pegs,ملاقط غسيل
Hangers & Racks,حمالات وعلاقات غسيل
Ironing Boards,ألواح كوي
Laundry Bags & Baskets,سلال غسيل
Laundry Balls,كرات غسيل
Scrub Brushes,فراشي غسيل وفرك
Scrubboards,ألواح تنظيف وفرك
Aquarium & Accessories,أحواض أسماك وملحقاتها
Pet Apparel & Accessories,ملابس واكسسوارات
Pet Beds & Accessories,أسرّة وملحقاتها
Pet Bowls & Feeders,أجهزة تغذية أوتوماتيكية
"Pet Cages, Carriers & Houses",أقفاص وأقفاص محمولة
Pet Caskets & Urns,صناديق وجرار
Pet Cleaning & Grooming Products,مواد تنظيف وتزيين
Pet Collars & Leashes,ياقات وأربطة
Pet Food,أغذية
Pet Health Care & Supplements,مواد رعاية صحية ومكملات غذائية
Pet Toys,ألعاب
Pet Training Products,منتجات تدريب
Pet Travel & Outdoors,سياحة ونزهات
Dinnerware,أدوات عشاء
Drinkware,أدوات شرب
Flatware,أطباق
Table Decoration & Accessories,ديكو وزينة الطاولات
Air Conditioners,مكيفات هواء
Air Purifiers,أجهزة تنقية هواء
Dehumidifiers,مزيلات رطوبة
Humidifiers,مرطبات
Fans,مراوح
Steam Cleaners,مكانس بخارية
Ultrasonic Cleaners,أجهزة تنظيف فوق صوتية
Vacuum Cleaners,مكانس
Air Conditioner Parts,قطع مكيفات هواء
Air Purifier Parts,قطع هواء لتنقية
Clothes Dryer Parts,قطع مجفف ملابس
Dehumidifier Parts,قطع مزيل رطوبة
Electric Heater Parts,قطع سخان كهربائي
Electric Iron Parts,قطع مكواة
Electric Water Heater Parts,قطع سخانات مياه
Fan Parts,قطع مراوح
Freezer Parts,قطع برادات
Garment Steamer Parts,قطع مرطبات الملابس
Gas Heater Parts,قطع سخانات غاز
Gas Water Heater Parts,قطع سخانات المياه الغازية
Hand Dryer Parts,قطع مجفف اليدين
Humidifier Parts,قطع جهاز الترطيب
Ice Maker Parts,قطع آلة الثلج
Kerosene Heater Parts,قطع سخان الكيروسين
Kitchen Appliance Parts,قطع أجهزة المطبخ
Refrigerator Parts,قطع ثلاجات
Solar Water Heater Parts,قطع مسخن مياه الطاقة الشمسية
Ultrasonic Cleaner Parts,قطع أجهزة تنظيف فوق صوتية
Vacuum Cleaner Parts,قطع مكانس كهربائية
Washing Machinery Parts,قطع غسالات
Water Dispenser Parts,قطع جهاز حافظ الماء
Water Filter Parts,قطع فلاتر مياه
Water Softener Parts,قطع منقي المياه
Wet Towel Dispenser Parts,قطع موزع مناديل مرطبة
Wine Refrigerator Parts,قطع بثلاجات نبيذ
Electric Fireplaces,مواقد كهربائية
Electric Heaters,سخانات كهربائية
Gas Heaters,سخانات غاز
Kerosene Heaters,سخانات كيروسين
Coffee Grinders,مطحنة قهوة
Coffee Makers,صانع قهوة
Coffee Roasters,محامص قهوة
Cooking Appliances,أجهزة طبخ
Dishwashers,غسالة صحون
Disinfecting Cabinets,خزانات معقمة
Electric Air Pots,حافظات حرارة مشروبات
Electric Kettles,غلايات كهربائية
Food Mixers,خلاطات طعام
Food Processors,محضّر طعام
Food Waste Disposers,جهاز تخلص من النفايات
Ice Cream Makers,أجهزة صنع آيس كريم
Ice Crushers & Shavers,كسارات جليد وماكينات حلاقة
Meat Grinders,مطاحن لحوم
Popcorn Makers,هاز فشار
Vacuum Food Sealers,زجهزة تغليف طعام
Vegetables Washer,جهاز تغسيل خضار
Yogurt Makers,جهاز تصنيع زبادي
Clothes Dryers,مجففات ملابس
Electric Irons,مكاوي
Garment Steamers,مرطب ملابس
Steam Presses,ضواغط بخارية
Washing Machinery,غسالات
Freezers,مجمّدات
Ice Makers,آلة تصنيع الثلج
Wine Refrigerators,ثلاجات نبيذ
Electric Water Heaters,سخانات مياه كهربائية
Gas Water Heaters,سخانات مياه غازية
Heat Water Heaters,سخانات مياه حرارية
Solar Water Heaters,طاقة شمسية سخانات
Water Dispensers,موزع ماء
Water Softeners,منقي مياه
Water Filters,فلاتر فياه
Aviation Obstruction Lights,أضواء تحديد مسارات الملاحة الجوية
Emergency Lights,أضواء طوارئ
Equipment Indicator Lights,أضواء مؤشرات الأجهزة
Flashlights & Torches,مصابيح كاشفة
Headlamps,مصابيح أمامية
Hurricane Lanterns,فوانيس أعاصير
Lanterns,فوانيس
Traffic Light,أضواء مرور
Book Lights,أضواء للكتب
Ceiling Fans,مراوح سقفية
Ceiling Lights,أضواء أسقف
Chandeliers & Pendant Lights,ثريات ومصابيح متدلية
Downlights,مصابيح سقفية
Floor Lamps,مصابيح أرضية
High Bay Lights,مصابيح كشفية للمشاريع
Night Lights,أضواء ليلة
Spotlights,أضواء كشفية مركزة
Table Lamps & Reading Lamps,مصابيح مكتب ومصابيح قراءة
Wall Lamps,مصابيح حائط
Led Landscape Lamps,مصابيح LED للحديقة
Led Outdoor Lighting,مصابيح LED خارجية
Led Residential Lighting,مصابيح LED سكنية
Ballasts,أثقال
Dimmers,معتّمات
Heat Sinks,مصارف حرارة
Lamp Cups,كؤوس
Lamp Holder & Lamp Bases,حوامل وقواعد
Lamp Poles,أقطاب
Power Supplies,لوازم طاقة
Starters,بادىء التشغيل
Energy Saving & Fluorescent,موفرات طاقة
Halogen Bulbs,هالوجين
High Pressure Sodium Lamps,مصابيح صوديوم عالية ضغط
Incandescent Bulbs,عالية السطوع
Mercury Lamps,مصابيح زئبق
Neon Bulbs & Tubes,لمبات إضاءة نيون
Ultraviolet Lamps,مصابيح أشعة فوق بنفسجية
Xenon Lamps,مصابيح زينون
Bridge Lamps,جسر مصابيح
Flood Lights,أضواء كاشفة
Garden Lights,أضواء حديقة
High Mast Lights,أضواء صواري
Landscape Lamps,مصابيح مناظر طبيعية
Outdoor Wall Lamps,مصابيححائط في هواء طلق
Path Lights,أضواء مسارات
Pillar Lights,أضواء عواميد
Rgb Tubes,مصابيح أحمر/أخضر/أزرق
Searchlights,كشافات
Street Lights,أضواء شوارع
Tunnel Lights,أضواء أنفاق
Underground Lamps,أضواء تحت الأرض
Advertising Lights,أضواء إعلانات
Camping Lights,أضواء تخييم
Explosion Proof Lights,أضواء مضادة للإنفجار
Fiber Optic Lights,أضواء ألياف بصرية
Fishing Lights,أضواء صيد السمك
Pool Lights,أضواء مسابح
Stage Lights,أضواء مسارح
Video Lights,أضواء فيديو
Laptop Bags,حقائب كمبيوتر محمول
Garment Bags,حقائب ملابس
Luggage,أمتعة
Travel Bags,حقائب سفر
Cd Bags & Cases,حقائب أقراص مضغوطة
Chip Cases,حافظات شرائح إلكترونية
Cosmetic Bags & Cases,حقائب مكياج
Diaper Bags,حقائب حفاضات
Instrument Bags & Cases,حقائب أدوات
Promotional Bags,حقائب ترويجية
School Bags,حقائب مدرسية
Shopping Bags,أكياس تسوق
Backpacks,حقائب الظهر
Cooler Bags,حقائب حفظ حرارة
Duffel Bags,حقيبة جانبية كبيرة
Picnic Bags,حقائب نزهات
Waist Bags,حقائب الخصر
Card Holders,حوامل بطاقات
Key Wallets,محافظ مفتاتيح
Wallets,محافظ
Agriculture Machinery Parts,الزراعة قطع غيار ماكينات
Farm Machinery,مكائن مزارع
Forestry Machinery,مكائن غابات
Apparel & Textile Machinery Parts,قطع ماكينات ملابس ومنسوجات
Apparel Accessories Machinery,مكائن إكسسوارات ملابس
Apparel Machinery,ماكينات ملابس
Home Textile Product Machinery,ماكينات منسوجات منزلية
Leather Production Machinery,ماكينات تصنيع الجلود
Textile Machinery,ماكينات نسيج
Board Making Machinery,ماكينات صناعة الألواح
Brick Making Machinery,ماكينات تصنيع القرميد
Building Material Making Machinery Parts,قطع ماكينات تصنيع مواد البناء
Cement Making Machinery,ماكينات تصنيع الاسمنت
Floorboard Making Machinery,ماكينات تصنيع ألواح أرضية
Glass Production Machinery,ماكينات تصنيع الزجاج
Gypsum Powder Machinery,ماكينات مسحوق الجبس
Pipe Making Machinery,تصنيع الأنابيب ماكينات
Plaster Of Paris Machinery,ماكينات جص باريس
Sand Making Machinery,ماكينات تصنيع الرمل
Steel Frame & Purlin Machinery,ماكينات إطار الفولاذ وتمديده
Stone Machinery,ماكينات حجر
Tile Making Machinery,ماكينات تصنيع بلاط
Window & Door Making Machinery,ماكينات تصنيع أبواب ونوافذ
Chemical Machinery & Equipment,ماكينات ومعدات كيميائية
Pharmaceutical Machinery,ماكينات دوائية
Energy Saving Equipment,معدات توفير طاقة
Energy Saving Equipment Parts,قطع معدات توفير طاقة
Gas Generation Equipment,معدات توليد غاز
Gas Generation Equipment Parts,قطع معدات توليد غاز
Mining Machinery,ماكينات تنقيب
Oil Field Equipment,معدات حقول النفط
Petroleum Processing Equipment,معدات معالجة البترول
Concrete Machinery,ماكينات الخرسانة
Construction Lifter,روافع بناء
Construction Machinery Parts,قطع ماكينات بناء
Earth Moving Machinery,ماكينات تحريك التربة
Mortar Spray Machinery,ماكينات رش ملاط
Municipal & Environmental Machinery,ماكينات البلدية والبيئة
Pile Driver,ماكينات دق ركائز ودعامات
Pipe Jacking Machinery,ماكينات رفع أنابيب
Rammers,ماكينات الدك
Rendering Machinery,ماكينات طلي
Road Machinery,ماكينات الطرق
Baking Equipment,معدات صنع الخبز
Bean Product Processing Machinery,ماكينات معالجة البقوليات
Beverage & Wine Processing Machinery,ماكينات معالجة النبيذ والمشروبات
Dairy Processing Machinery,ماكينات معالجة الألبان
Fish Processing Machinery,ماكينات معالجة الأسماك
Food Processing Machinery Parts,قطع ماكينات معالجة الأطعمة
Food Sterilizer,معقمات أطعمة
Fruit & Vegetables Processing Machinery,ماكينات معالجة الفواكه والخضار
Fryer,قلّايات
Grain Processing Machinery,ماكينات معالجة حبوب
Grain Product Making Machinery,ماكينات تصنيع منتجات حبوب
Honey Processing Machinery,ماكبنات معالجة العسل
Meat Processing Machinery,ماكبنات معالجة اللحوم
Meat Product Making Machinery,ماكينات تصنيع منتجات اللحوم
Pasteurizer,ماكينة بسترة (مبستر)
Pet Food Processing Machinery,ماكبنات معالجة طعام الحيوانات الأليفة
Seasoning Processing Machinery,ماكينات تصنيع التببيلات
Air Cleaning Equipment,معدات التنظيف بالهواء
Air Compressor Parts,قطع ضاغط الهواء
Air Compressors,ضواغط الهواء
Boilers & Parts,مراجل وقطع
Cleaning Equipment,معدات تنظيف
Crystallizer,وعاء التبلور
Evaporator,المبخر
Industrial Filtration Equipment,معدات تصفية صناعية
Machinery Engine & Parts,محركات ماكينات وقطع
Material Handling Equipment,معدات مناولة المواد
Ventilation Fans,مراوح التهوية
Brush Making Machinery,ماكينات تصنيع فراشي
Chopstick Making Machinery,ماكينات تصنيع أعواد الأكل اليابانية
Furniture Making Machinery,ماكينات تصنيع أثاث
Home Product Making Machinery Parts,ماكينات تصنيع منتجات منزلية
Match Making Machinery,ماكينات تصنيع أعواد ثقاب
Straw Making Machinery,ماكينات تصنيع شفاطات مشروبات
Toothpick Making Machinery,ماكينات تصنيع أعواد الأسنان
Wax & Candle Making Machinery,ماكينات تصنيع الشمع والشموع
Wet Wipe Making Machinery,ماكينات تصنيع مناديل مرطبة
Laser Cutting Machinery,ماكينات قطع بالليزر
Laser Engraving Machinery,ماكينات نقش بالليزر
Laser Equipment Parts,قطع معدات ليزرية
Laser Heat Treatment,معالج بالحرارة الليزرية
Laser Marking Machinery,ماكينات تصنيع ليزر
Laser Plotter,راسمة ليزر
Laser Scribing Machinery,ماكينات خدش ليزرية
Laser Welders,ماكينات لحم ليزرية
Bending Machinery,ماكينات إنحناء وتقوس
Boring Machinery,ماكينات ثقب
Drilling Machinery,ماكينات حفر
Gear Cutting Machinery,ماكينات قطع تروس الحركة
Grinding Machinery,ماكينات حطن
Honing Machinery,ماكينات شحذ
Lathe,مخرطة
Machinery Center & Parts,أجزاء ماكينات أساسية وقطع
Milling Machinery,ماكينات طحن
Planer & Slotting Machinery,ماكينات إستواء وشق
Punching Machinery,ماكينات تثقيب
Welding Equipment,معدات تلحيم
Industrial Furnace,فرن صناعي
Metal & Metallurgy Machinery Parts,قطع ماكينات معادن وفلزات
Metal Casting Machinery,ماكينات صب معادن
Metal Coating Machinery,ماكينات طلاء معادن
Metal Cutting Machinery,ماكينات قطع معادن
Metal Electroplating Machinery,ماكينات طلاء بالكهرباء
Metal Engraving Machinery,ماكينات نقش معادن
Metal Forging Machinery,ماكينات تشكيل معادن
Metal Moulding Machinery,ماكينات قولبة معادن
Metal Straightening Machinery,ماكينات تقويم معادن
Rolling Mill,ماكينات دلفنة
Bag Making Machinery Parts,قطع ماكينات تصنيع حقائب
Bag Making Machinery,ماكينات تصنيع حقائب
Belt Making Machinery Parts,قطع ماكينات تصنيع أحزمة
Belt Making Machinery,ماكينات تصنيع أحزمة
Auxiliary Packaging Machinery,ماكينات تغليف أحادية
Blister Packaging Machinery,ماكينات تغليف حبوب دوائية
Boxing Machinery,ماكينات تغليف بالصناديق
Capping Machinery,ماكينات تغطية بالسدادات
Coating Machinery,ماكينات طلاء
Coding Machinery,ماكينات ترميز
Embossing Machinery,ماكينات نقش
Filling Machinery,ماكينات تعبئة
Gluing Machinery,ماكينات لصق بالغراء
Labeling Machinery,ماكينات وضع العلامات
Laminating Machinery,ماكينات تصفيح
Multi Function Packaging Machinery,ماكينات تغليف متعددة الوظائف
Packaging Forming Machinery,ماكينات تشكيل أغلفة
Packaging Line,خط تغليف
Packaging Machinery Parts,قطع ماكينات تغليف
Packaging Material Making Machinery,ماكينات تصنيع مواد التغليف
Sealing Machinery,ماكينات الختم
Vacuum Packing Machinery,ماكينات تغليف بالشفط
Wrapping Machinery,ماكينات حزم ولف
Paper Machinery Parts,قطع ماكينات ورق
Paper Processing Machinery,ماكينات معالجة الورق
Paper Product Making Machinery,ماكينات تصنيع منتجات ورقية
Plastic & Rubber Machinery Parts,قطع ماكينات بلاستيك ومطاط
Plastic Auxiliary Equipment,معدات بلاستيك مساعدة
Plastic Product Making Machinery,ماكينات تصنيع منتجات بلاستيكية
Plastic Raw Material Machinery,ماكينات منتجات بلاستيك أولية
Plastic Recycling Machinery,ماكينات تدوير البلاستيك
Rubber Product Making Machinery,ماكينات تصنيع منتجات مطاطية
Rubber Raw Material Machinery,ماكينات منتجات مطاط أولية
Rubber Recycling Machinery,ماكينات إعادة تدوير المطاط
Digital Printers,طابعات رقمية
Flexographic Printers,طابعات فلكسوغرافية
Heat Press Machinery,ماكينات كبس حراري
Heat Transfers,ناقلات حرارة
Inkjet Printers,نافثة حبر
Laser Printers,طابعات ليزر
Offset Printers,طابعات أوفست
Pad Printers,طابعات حشوات
Post Press Equipment,معدات بعد الكبس
Pre Press Equipment,معدات قبل الكبس
Printing Machinery Parts,قطع ماكينات طباعة
Rotogravure Printing Machinery,ماكينات طباعة روتوغرافية
Screen Printers,طابعات شاشة
Cold Room,غرفة تبريد
Cooling Tower,برج تبريد
Heat Exchanger,مبادل حراري
Ice Machinery,ماكينات الثلج
Industrial Air Conditioners,مكيفات الهواء صناعية
Industrial Chiller,مبرد صناعي
Industrial Freezer,مجمدة صناعية
Industrial Heater,سخانات صناعية
Refrigeration & Heat Exchange Parts,قطع معدات تبريد وتبادل حرارة
Carbonization Stove,مواقد كربنة
Finger Jointer,موصلات أصبعية
Mortising Machinery,ماكينات نقر
Press,مكبس
Saw Machinery,ماكينات نشر
Spindle Moulder,ماكينات قولبة
Wood Based Panels Machinery,ماكينات ألواح أخشابية
Wood Boring Machinery,ماكينات ثقب أخشاب
Wood Chip Machinery,ماكينات رقائق أخشاب
Wood Crusher,كسارات أخشاب
Wood Lathe,مخرطة أخشاب
Wood Pellet Mill,مطحنة أخشاب
Wood Planer,مقوّم أخشاب
Wood Shaving Machinery,ماكينات تقشير أخشاب
Wood Wrapping Machinery,ماكينات ربط أخشاب
Woodworking Benches,مقاعد نجارة
Woodworking Machinery Parts,قطع ماكينات نجارة
Carbon Analyzers,محلّل كربون
Concentration Meters,عدادات تركيز
Densitometers,مقاييس شدة الضوء
Gas Analyzers,محلّل غاز
Moisture Meters,عدادات رطوبة
Ph Meters,عدادات درجة حموضة
Battery Testers,فاحصات بطاريات
Clamp Meters,مقياس يدوي
Current Meters,مقياس التيار
Energy Meters,مقياس طاقة
Frequency Meters,مقياس تردد
Multimeters,مقاييس مترية متعددة
Power Meters,مقياس القدرة
Resistance Meters,المقاومةمتر
Voltage Meters,مقاييس الفولت
Industrial Metal Detectors,كاشفات معادن صناعية
Oscilloscopes,راسمات ذبذبات
Signal Generator,مولد إشارة
Spectrum Analyzers,محلل طيف
Flow Meters,مقاييس تدفق
Flow Sensors,حساسات تدفق
Gas Meters,مقاييس غاز
Water Meters,مقاييس مياه
Dial Indicators,مؤشرات لوحية
Gauges,مقاييس
Micrometers,ميكرومتر
Tape Measures,أشرطة قياس
Laser Levels,مستويات ليزرية
Laser Rangefinders,جهاز ضبط بالليزر
Magnifiers,مكبرات
Microscopes,المجاهر
Night Vision,رؤية ليلية
Optical Filters,فلاتر بصرية
Prisms,مؤشرات
Refractometers,أجهزة قياس الإنكسار
Spectrometers,مقاييس الطّيف
Telescope & Binoculars,تليسكوب ومناظير مزدوجة
Theodolites,التيودوليت
Force Measuring Instruments,أجهزة قياس القوة
Hardness Testers,فاحصات صلابة
Height Measuring Instruments,أجهزة قياس طول
Speed Measuring Instruments,أجهزة قياس سرعة
Width Measuring Instruments,أجهزة قياس عرض
Pressure Gauges,مقاييس ضغط
Pressure Monitors,شاشات قياس ضغط
Pressure Regulators,منظمات ضغط
Pressure Sensors,مجسات ضغط
Transmitters,مرسلات
Bearing Balls,كرات رولمانات
Bearing Rollers,مدحرجات رولمانات
Bushings,البطانات
Housings,مساكن
Ball Bearings,رولمانات كروية
Linear Bearings,رولمانات خطية
Needle Bearings,رولمانات إبرية
Pillow Block Bearings,رولمانات كراسي تحميل
Rod End Bearings,رولمانات بنهايات قضيبية
Slewing Bearings,رولمانات التفاف
Sliding Bearings,رولمانات إنزلاق
Special Bearings,رولمانات خاصة
Casting Services,خدمات صب
Coating Services,خدمات طلاء
Finishing Services,خدمات تشطيب
Forging Services,خدمات تشكيل
Heat Treatment,معالجة حرارية
Machining Services,خدمات خراطة
Sheet Metal Fabrication,رقةالمعادنتصنيع
Welding Services,خدمات لحام
Filter Aids,مساعدات فلترة
Filter Bags,أكياس فلاتر
Filter Cloth,قماش فلاتر
Filter Films,أغشية فلاتر
Filter Meshes,شبكات فلاتر
Filter Papers,أوراق فلاتر
Adaptor,محول
Chuck,قابض لقم المثقب
Cooling Pipe,أنابيب تبريد
Cutting & Forming Tools,معدات قطع وتشكيل
Dividing Head,رأس فاصل
Drag Chain,سلسلة سحب
Drill Bushing,بطانة حفر
Faceplate,غطاء حماية
Flange,شفة
Generic Fitting,تجهيزات ربط عامة
Guard Shield,درع حماية
Guide Pillars & Guide Bush,دعامات وجنبات حماية
Handwheel,عجلة يدوية
Lead Rail,سكة رئيسية
Leadscrew,شد رئيسي
Machinery Tool Spindle,مغزل أداة ماكينة
Magnetic Separator,فاصل مغناطيسي
Shim Plate,لوحة رفادة
Shock Absorber,ممتص الصدمة
Table,لسان تعشيق
Tool Holder,حامل أدوات
Ac Motor,محرك تيار متردد
Dc Motor,محرك تيار مستمر
Stepper Motor,محرّكات متدرجة
Motor Controller,تحكم محرك
Motor Driver,مشغّل محرك
Gearboxes,علب تروس
Gears,تروس
Pulleys,بكرات
Speed Reducers,مخفضات السرعة
Sprockets,ترس مُسنّن
Transmission Belts,أحزمة نقل حركة
Transmission Chains,سلاسل نقل حركة
Universal Joints,مفاصل
Impellers,الدفاعات
Pump Casing,غلاف المضخة
Pump Shaft,ذراع مضخة
Pumps,مضخات
Wheel Axle Caps,قبعات عجلة المحور
Valve Balls,كرات صمامات
Valve Bodies,أجسام صمامات
Valve Caps,قبعات صمامات
Valve Needles,أبر صمامات
Electrode Holders,حاملات قضيب لحام
Weld Holders,حامل لحام
Welding Fluxes,صهيرة لحام
Welding Helmets,خوذ لحام
Welding Rods,قضبان لحام
Welding Tips,نهايات لحام
Welding Torches,مشاعل اللحام
Welding Wires,أسلاك لحام
Aluminum Bars,قضبان ألومنيوم
Aluminum Coils,لفائف ألومنيوم
Aluminum Pipes,أنابيب ألومنيوم
Aluminum Powder,مسحوق ألومنيوم
Aluminum Sheets,صفائح ألومنيوم
Aluminum Strips,أشرطة ألومنيوم
Aluminum Wire,أسلاك ألومنيوم
Aluminum Billets,كتل ألومنيوم
Steel Billets,كتل فولاذ
Ceramic Fiber Blankets,بطانيات
Ceramic Fiber Boards,أبواح
Ceramic Fiber Cloth,أقمشة
Ceramic Fiber Paper,ورق
Ceramic Fiber Rope,حبال
Ceramic Fiber Yarn,خسط غزل
Ceramic Fiber Ceramic Tape,لاصق
Copper Bars,النحاس البارات
Copper Cathode,نحاس الكاثود
Copper Pipes,مواسيرالنحاس
Copper Powder,النحاس مسحوق
Copper Sheets,أوراق النحاس
Copper Strips,النحاس شرائط
Copper Wire,النحاس الأسلاك
Fiberglass Cloth,قماش ألياف زجاجية
Fiberglass Mat,حصيرة ألياف زجاجية
Fiberglass Mesh,شبكة ألياف زجاجية
Fiberglass Yarn,خيط غزل ألياف زجاجية
Graphite Crucible,بوتقة جرانيت
Graphite Electrodes,أقطاب جرانيت
Graphite Mold,غرافيت مقولب
Graphite Powder,مسحوق جرافيت
Graphite Rod,قضيب جرافيت
Graphite Sheets,صفائح جرافيت
Aluminum Ingots,سبائك أولمنيوم
Antimony Ingots,سبائك أنتيمون
Bismuth Ingots,سبائك بزموت
Copper Ingots,سبائك نحاس
Indium Ingots,سبائك إنديوم
Lead Ingots,سبائك رصاص
Magnesium Ingots,سبائك مغنيسيوم
Manganese Ingots,سبائك منغنيز
Silicon Ingots,سبائك سليكون
Steel Ingots,سبائك فولاذ
Tin Ingots,سبائك قصدير
Titanium Ingots,سبائك تيتانيوم
Zinc Ingots,سبائك زنك
Iron Pipes,مواسير حديد
Iron Wire,أسلاك حديد
Stainless Scrap,خردة مقاومة للصدأ
Copper Scrap,خردة نحاس
Iron Scrap,خردة حديد
Lead Scrap,خردة رصاص
Steel Scrap,خردة الصلب
Titanium Scrap,خردة تيتانيوم
Aluminum Scrap,خردة ألومنيوم
Barite,باريت
Bentonite,بنتونيت
Dolomite,دولوميت
Kaolin,كاولين
Mica,ميكا
Perlite,بيرلايت
Sepiolite,سيليكات المغنزيوم المائي
Silica,سيليكا
Talc,تلك
Vermiculite,فيرميكوليت
Wollastonite,ولستونيت
Bauxite Ore,بوكسيت خام
Chrome Ore,كروم خام
Copper Ore,نحاس خام
Iron Ore,حديد خام
Lead Ore,رصاص خام
Manganese Ore,منغنيز خام
Nickel Ore,نيكل خام
Titanium Ore,تيتانيوم خام
Tungsten Ore,تنجستن خام
Zinc Ore,زنك خام
Quartz Crucible,بوتقة صخر بلوري
Quartz Plate,لوحة صخر بلوري
Quartz Rods,قضبان صخر بلوري
Quartz Stone,حجر صخر بلوري
Quartz Tubes,أنابيب صخر بلوري
Bearing Steel,فولاز تحميل
Silicon Steel,فولاذ السليكون
Spring Steel,فولاذ الزنبركات
Stainless Steel,فولاز غير قابل للصدأ
Steel Pipes,أنابيب فولاذية
Steel Profiles,أشكل فولاذية
Steel Rails,سكك فولاذية
Steel Rebars,فولاز التسليح
Steel Round Bars,قضبان فولاذ مبروم
Steel Sheets,صفائح فولاذية
Steel Strips,شرائط فولاذ
Steel Structures,هياكل فولاذية
Steel Wire,أسلاك الفولاذ
Structural Steel,فولاذ هياكل
Tinplate,صفيح فولاذي مقصدر
Titanium Bars,قضبان تيتانيوم
Titanium Foil,رقائق تيتانيوم
Titanium Pipes,أنابيب تيتانيوم
Titanium Powder,مسحوق تيتانيوم
Titanium Sheets,صفائح تيتانيوم
Titanium Wire,أسلاك تيتانيوم
Tungsten Crucibles,بوتقة تنغستين
Tungsten Bars,قضبان تنغستين
Tungsten Foil,رقائق تنغستين
Tungsten Pipes,أنابيب تنغستين
Tungsten Powder,مسحوق تنغستين
Tungsten Sheets,أوراق تنغستين
Tungsten Wire,أسلاك تنغستين
Aluminum Wire Mesh,شبكة أسلاك ألومنيوم
Copper Wire Mesh,شبكة أسلاك نحاس
Iron Wire Mesh,شبكة أسلاك حديد
Steel Wire Mesh,شبكة أسلاك فولاذ
Art Sets,أطقم فنون
Calligraphy Brushes,فراشي تخطيط
Crayons,طباشير
Paint Brushes,فراشي طلاء
Painting Medium,وسيط مواد رسم وطلاء
Paints,دهانات
Palette,لوحة ألوان
Blackboard,سبورة
Bulletin Board,لوحة إعلانات
Flip Chart,لوح ورقي قلاب
White Board,المجلس الأبيض
Blackboard Eraser,ممحاة سبورة
Whiteboard Eraser,ممحاة لوح أبيض
Correction Fluid,سائل تصحيح
Correction Tape,شريط تصحيح
Eraser,ممحاة
Card Holder & Note Holder,حافظة بطاقات وملاحظات
Clip Holder & Clip Dispenser,حاملات وموزعات مشابك
Desk Set,أطقم مكتب
File Tray,درج ملفات
Letter Holder,حامل رسالئل
Magazine Organizer,منظم مجلات
Pen Holders,حافظات أقلام
Stationery Holder,حافظات قرطاسية
Compasses,بوصلة
Math Sets,مجموعات الرياضيات
Protractor,منقلة
Rulers,مساطر
Chalk,الطباشير
Educational Equipment,معدات تعليمية
Teaching Resources,موارد التعليمية
Art Markers,أقلام تخطيط فني
Highlighters,أقلام تمييز
Whiteboard Marker,أقلام سبورة بيضاء
Memo Pad,وسادة مذكرة
Glue Stick,قلم صمغ
Liquid Glue,صمغ سائل
Office Adhesive Tape,شريط لاصق
Tape Dispenser,موزع الشريط اللاصق
Hole Punch,خَرَّامَة
Clips,مقاطع
Stapler,دباسة
Pin,دبوس
Staple Remover,مزيل مشبك التدبيس
Staples,مشتبك التدبيس
Letter Opener,فتاحة رسائل
Paper Scissors,مقص ورق
Utility Knife,سكينة متعددة الإستخدامات
All In One Printers,طابعة متعددة الإستخدامات
Binding Machinery,ماكينة تغليف كتب
Conference System,نظم مكالمة جماعية للمكاتب
Copiers,آلات نسخ
Digital Duplicator,ناسخة رقمية
Fax Machinery,أجهزة فاكس
Graph Plotter,راسم بياني
Laminator,ماكينة تصفيح
Paper Trimmer,أداة تقليم ورق
Presentation Equipment,أجهزة عرض وتقديم
Shredder,ماكينة تقطيع أوراق
Time Recording,مسجلة وقت
Carbon Paper,ورق كربون
Carbonless Paper,ورق كيماوي ناسخ
Cash Register Paper,ورق آلة تسجيل النقود
Photo Paper,ورق تصوير
Thermal Fax Paper,ورق فاكس حراري
Pencil Bags,حقائب أقلام رصاص
Colored Pencils,أقلام رصاص ملونة
Mechanical Pencils,أقلام رصاص ميكانيكية
Standard Pencils,أقلام رصاص قياسية
Gel Pens,أقلام جيل
Multi Function Pen,أقلام متعددة الوظائف
Cartridge Chip,رقاقة خرطوشة طابعة
Continuous Ink Supply System,نظام تغذية حبر مستمرة
Fuser Film Sleeves,فوزر فيلم الأكمام
Ink Cartridge,خرطوشة حبر
Ink Refill Kits,خرطوشة حبر طابعات نافثة الحبر
Printer Ribbons,أشرطة طابعات
Toner Cartridge,خرطوشة حبر طابعات ليزر
Toner Powder,مسحوق حبر طابعات ليزر
Ice Pack,كيس ثلج
Printing Inks,أحبار الطباعة
Printing Mesh,شبكة طباعة
Printing Plate,لوحة طباعة
Desk Replication & Printing,مكتب نسخ وطباعة
Metal Printing,طباعة معادن
Plastic Printing,طباعة بلاستيك
Transfer Printing,طباعة نقل
Agricultural Plastic Products,منتجات بلاستيكية زراعية
Automotive Plastic Products,منتجات بلاستيكية للسيارات
Composite Pipes,أنابيب مركبة
Electronic Plastic,بلاستيك إلكتروني
Home Appliance Plastic,أجهزة منزلية بلاستيكية
Medical Plastic,بلاستيك طبي
Plastic Cards,بطاقات بلاستيكية
Plastic Nets,شبكات بلاستيك
Plastic Rods,قضبان بلاستيك
Plastic Sheets,أغطية بلاستيكية
Plastic Tubes,أنابيب بلاستيكية
Abs,ستايرين
Eps,بوليستيرين مطرّق
Eva,فينيل
Hdpe,بولي إيتيلين عالي الكثافة
Hips,بوليستيرين عالي الفاعلية
Ldpe,بولي إيتيلين قليل الكثافة
Lldpe,بولي إيتيلين خطي قليل الكثافة
Pa,متعدد الأميد
Pbt,ريفثالات الأثيلين المتعدد
Pc,بوليمير بولي الكربونات
Pet,تريفثالات الأثيلين المتعدد
Plastic Masterbatches,أصبغة بلاستيك
Pmma,ميثيل ميثاكريليت المتعدد
Pom,بوم
Pp,بوليبروبيلين
Ppo,أوكسيد بولي الفينيلين
Pps,بولي فينيلين الكبريت
Ps,بوليستيرين
Ptfe,بولي تترافلوروإيثيلين
Pvc,كلوريد متعدد الفاينيل
Sbs,ستايرين بوتادين الستايرين
Tpe,إلاستومر حراري
Tpr,لدائن مرنة
Tpu,يوريثان متعدد ذو لدونة حرارية
Agricultural Rubber,مطاط زراعية
Automotive Rubber,مطاط سيارات
Home Appliance Rubber,مطاط أجهزة منزلية
Household Rubber,مطاط منزلي
Medical Rubber,مطاط طبي
Rubber Belts,أحزمة مطاط
Rubber Hoses,خراطيم مطاط
Rubber Rollers,بكرات مطاط
Rubber Sheets,صفائح مطاط
Butyl Rubber,مطاط اصطناعي
Crepe Rubber,مطاط كريب
Epdm,مطّاط الإيتيلين والبروبيلين
Fluorocarbon Rubber,مطاط فلوروكاربون
Latex Rubber,مطاط لاتكس
Natural Foam,رغوة طبيعية
Neoprene,نيوبرين
Nitrile Rubber,مطاط النتريل
Polyurethane Rubber,مطاط يوريثان المتعدد
Ribbed Smoked Sheets,صفائح مضلعة مدخنة
Rubber Masterbatches,أصبغة مطاط
Silicone Rubber,مطاط السيليكون
Styrene Butadiene Rubber,مطّاط ستايرين بوتادين
Access Control Card,بطاقات دخول
Access Control Card Reader,قارئات بطاقات دخول
Access Control Keypad,لوحة تحكم
Access Control System,أنظمة تحكم الدخول
Audio Door Phone,هواتف أبواب
Eas System,أنظمة مراقبة إلكترونية
Facial Recognition System,نظام التعرف على الوجه
Fingerprint Access Control,تحكم الخول عن طريق بصمات الأصابع
Video Door Phone,هواتف فيديو للأبواب
Baby Monitors,شاشات صغيرة
Cctv Accessories,ملحقات أنظمة الدوائر التلفزيونية المغلقة
Cctv Camera,كاميرات الدوائر التلفزيونية المغلقة
Cctv Camera Housing,أغطية كاميرات الدوائر التلفزيونية المغلقة
Cctv Dvr,مسجل أنظمة الدوائر التلفزيونية المغلقة
Cctv Lens,الدوائر التلفزيونية المغلقة عدسة
Cctv Monitor,شاشات أنظمة الدوائر التلفزيونية المغلقة
Cctv System,أنظمة الدوائر التلفزيونية المغلقة
Dvr Card,بطاقة مسجل فيديو رقمي
Fire Alarm,إنذار حريق
Fire Alarm Control Panel,لوحة تحكم إنذار الحريق
Fire Blanket,بطانية حريق
Fire Extinguisher,طفاية حريق
Fire Extinguisher Powder,بودرة إطفاء حريق
Fire Hose,خرطوم إطفاء حريق
Fire Hydrant,حنفية إطفاء حريق
Fire Suite,أطقم مكافحة حرائق
Firefighting Equipment,معدات مكافحة الحرائق
Heat Detector,كاشفات حرارة
Lighting Rod,قضيب إنارة
Smoke Detector,كاشفات دخان
Baton,هراوة
Bullet Proof Helmet,خوذة مضاضة للرصاص
Bullet Proof Vest,صدرية مضادة للرصاص
Gun Bag,حقيبة بندقية
Handcuff,أصفاد
Warning Tape,أشرطة تحذير
Alcohol Tester,جهاز اختبار كحول
Convex Mirror,مرآة محدبة
Reflective Material,مواد عاكسة
Reflective Safety Clothing,ملابس سلامة عاكسة
Road Stud,طلاء حدود الشارع
Speed Bump,مطب سرعة
Traffic Barrier,حاجز مرور
Traffic cone,مخروط مرور
Life Buoy,عوّامة النجاة
Life Raft,طوافة النجاة
Life Vest,صدرية النجاة
Chemical Respirator,غطاء الوقاية من الغازات
Ear Protector,واقي الأذن
Face Shield,درع حماية الوجه
Safety Belt & Accessories,أحزمة أمان وملحقاتها
Safety Clothing,ملابس سلامة
Safety Gloves,قفازات سلامة
Safety Goggles,نظارات سلامة
Safety Harness,رباط سلامة
Safety Helmet,خوذة سلامة
Advertising Boards,لوحات الإعلان
Advertising Inflatables,معدات إعلانية قابلة للنفخ
Advertising Light Boxes,صناديق إعلان ضوئية
Advertising Players,مشغلات إعلانات
Advertising Screens,شاشات إعلانية
Billboards,لوحات إعلانات
Display Racks,رفوف عرض
Poster Materials,مواد منشورات
Roll Up Display,لوحة إعلانية قابلة للطي
Atm,أجهزة الصراف الآلي
Bill Counters,عدّادات أوراق نقدية
Coins Counters & Sorters,عدادات نقود معدنية وفرّازات
Currency Binders,لفّافات عملة
Currency Detectors,كاشفات عملة
Payment Kiosks,أكشاك دفع
Pos Systems,أنظمة نقاط بيع
Cleaning Carts,عربات تنظيف
Drink Dispensers,موزعات شراب
Hotel Amenities,وسائل الراحة للفندق
Serving Trays,صواني خدمة
Umbrella Wrapping Machinery,ماكينات تغليف مظلات
Checkout Counters,منضدة بيع
Display Hooks,خطافات عرض
Labelers,آلات وضع علامات
Promotion Table,طاولات عروض بيع
Shopping Basket,سلة تسوق
Shopping Trolleys & Carts,عربات تسوّق
Showcase,واجهة عرض
Stacking Racks & Shelves,رفوف تخزين
Storage Cages,أقفاص تخزين
Banner Stands,أجنحة
Panel Display,لوحة عرض
Tabletop Display,منضدة عرض
Trade Show Tent,خيم معارض تجارية
Truss Display,جملون
Shoe Fabric,قماش أحذية
Shoe Leather,جلد أحذية
Shoe Plastic,بلاستيك أحذية
Shoe Rubber,مطاط أحذية
Insoles,نعال داخلية
Shoe Brush,فرشاة حذاء
Shoe Care Kit,مجموعة عناية بالأحذية
Shoe Decorations,زينة الأحذية
Shoe Deodorant,مزيل روائح أحذية
Shoe Dryer,مجفف أحذية
Shoe Hanger,علّاقات أحذية
Shoe Heels,كعوب أحذية
Shoe Hooks,خطافات أحذية
Shoe Labels & Tags,تسميات وعلامات أحذية
Shoe Linings,بطانات أحذية
Shoe Mesh,شبكات أحذية
Shoe Polish,ملمعات أحذية
Shoe Polishing Equipment,معدات تلميع أحذية
Shoe Trees,قوالب أحذية خشبية
Shoe Uppers,وجه حذاء
Shoe Zippers & Sliders,سحّابات أحذية ومزالج
Shoelaces,أربطة حذاء
Soles,نعال خارجية
Electrically Heated Shoes,أحذية قابلة للتسخين كهربائيا
Height Increasing Shoes,أحذية زيادة الطول
Massage Shoes,أحذية تدليك
Rain Boots,أحذية المطر
Safety Shoes,أحذية السلامة
Bumper Cars,سيارات اصطدام
Climbing Walls,جدران للتسلق
Playground,ملعب
Slides,منزلقات
Water Play Equipment,معدات ترفيه الماء
Boxing,الملاكمة
Dance Pads,حصيرة رقص
Gym Equipment,معدات نوادي الرياضة
Gymnastics,الرياضة الجمبازية
Jump Ropes,حبال قفز
Martial Arts,فنون الدفاع عن النفس
Outdoor Fitness Equipment,معدات اللياقة البدنية الخارجية
Pedometers,مقياس خطوات
Trampolines,ترامبولين
Weight Lifting,رفع الاثقال
Golf Bags,حقائب غولف
Golf Balls,كرات غولف
Golf Clubs,نوادي جولف
Golf Tees,محملات كرات غولف
Golf Training Aids,أدوات تدريب غولف
Golf Trolley,عربة نقل
Air Hockey,هوكي الهواء
Badminton,ريشة
Board Game,ألعاب لوحية
Bowling,بولينج
Chess Games,ألعاب الشطرنج
Coin Operated Games,ألعاب تدار بالنقود المعدنية
Darts,سهام
Snooker & Billiard,سنوكر والبلياردو
Soccer Tables,طاولاتكرة
Table Tennis,تنس الطاولة
Brass Instruments,أدوات نحاسية
Keyboard Instruments,أدوات ألواح المفاتيح
Percussion Instruments,أدوات إيقاعية
Stringed Instruments,آلات وترية
Woodwind Instruments,آلات النفخ الموسيقية
Bungee,قفز البنجي
Camping & Hiking,التخييم والمشي لمسافات طويلة
Go Karts,كارتينج
Horse Racing,سباق الخيل
Scooters,الدراجات الصغيرة
Shooting,الرماية
Boxing Gloves,قفازات الملاكمة
Golf Gloves,قفازات الغولف
Racing Gloves,قفازات السباق
Riding Gloves,قفازات الركوب
Ski Gloves,قفازات التزلج
Swimming & Diving Gloves,قفازات السباحة والغطس
Ankle Support,دعم وحماية الكاحل
Back Support,دعم وحماية الظهر
Elbow & Knee Pads,وسادات الكوع والركبة
Shin Guard,وقاية عظم الساق
Sweatband,عصابة امتصاص العرق
Waist Support,دعم الخصر
Wrist Support,دعم المعصم
Basketball,كرة السلة
Cheerleading,تشجيع اللاعبين
Cricket,الكريكيت
Football,كرة قدم
Ice Hockey & Field Hockey,هوكي الجليد والأرضي
Volleyball,كرة الطائرة
Tennis Balls,كرات تنس
Tennis Rackets,مضارب تنس
Racing Boats,قوارب سباق
Rowing Boats,قوارب تجديف
Surfing,تزلج على الماء
Swimming & Diving,السباحة والغوص
Broadcast Intercom System,أنظمة بث إتصال داخلي
Communication Cables,كابلات اتصالات
Fiber Optic Equipment,معدات ألياف ضوئية
Fixed Wireless Terminals,محطات لاسلكية ثابتة
Pbx,مقاسم (بدّالات)
Repeater,جهاز التكرار
Telecom Parts,قطع اتصال
Telecommunication Tower,برج اتصال
Voip Products,منتجات Voip
Wifi Finder,باحث واي فاي
Wireless Networking Equipment,معدات شبكات لاسلكية
Answering Machinery,آلات إجابة تلقائية
Caller Id Boxes,أجهزة هوية المتصل
Corded Telephones,هواتف سلكية
Cordless Telephones,هواتف لاسلكية
Phone Cards,بطاقات هاتف
Telephone Cords,كابلات هواتف
Telephone Headsets,سماعات هاتف
Down,زغب
100% Acrylic Fabric,٪100 نسيج الاكريليك
100% Cashmere Fabric,٪100 نسيج الكشمير
100% Cotton Fabric,٪100 نسيج القطن
100% Hemp Fabric,٪100 نسيج القنب
100% Jute Fabric,٪100 نسيج الجوت
100% Linen Fabric,٪100 نسيج الكتان
100% Nylon Fabric,٪100 نسيج النايلون
100% Polyester Fabric,٪100 نسيج البوليستر
100% Polypropylene Fabric,٪100 نسيج البوليبروبيلين
100% Ramie Fabric,٪100 نسيج قنب سيام
100% Rayon Fabric,٪100 نسيج حرير اصطناعي
100% Silk Fabric,٪100 نسيج الحرير
100% Viscose Fabric,٪100 نسيج فسكوز
100% Wool Fabric,٪100 نسيج الصوف
Aramid Fabric,نسيج الأرميد
Bamboo Fiber Fabric,نسيج ألياف الخيزران
Carbon Fiber Fabric,نسيج ألياف الكربون
Linen/Cotton Fabric,نسيج الكتان مع القطن
Metallic Fabric,نسيج لامع
Modacrylic Fabric,نسيج موداكريليك
Cotton Fabric,نسيج القطن والمودال
Nonwoven Fabric,أنسجة غير منسوجة
Nylon/Cotton Fabric,نسيج النايلون مع القطن
Organic Fabric,نسيج عضوي
Polyester/Acrylic Fabric,نسيج بوليستر مع أكريليك
Rayon/Polyester Fabric,نسيج حرير اصطناعي وبوليستر
Silk/Cotton Fabric,نسيج حرير وقطن
Soybean Fiber Fabric,نسيج ألياف حبوب الصويا
Viscose/Polyester Fabric,نسيج فسكوز وبولستر
Wool/Acrylic Fabric,نسيج قطن وأكريليك
Wool/Cashmere Fabric,نسيج صوف وكشمير
Wool/Nylon Fabric,نسيج صوف ونايلون
Wool/Polyester Fabric,نسيج صوف وبولستر
Wool/Viscose Fabric,نسيج فسكوز وصوف
Acrylic Fiber,ألياف أكريليك
Aramid Fiber,ألياف الأرميد
Bamboo Fiber,ألياف الخيزران
Hemp Fiber,أالياف القنب
Jute Fiber,ألياف الجوت
Linen Fiber,أالياف الكتان
Modacrylic Fiber,ألياف موداكريليك
Nylon Fiber,ألياف النايلون
Polyester Fiber,ألياف البوليستر
Polypropylene Fiber,ألياف البوليبروبيلين
Raw Cotton,قطن خام
Silk Fiber,ألياف حرير
Viscose Fiber,ألياف فيسكوز
Wool Fiber,ألياف صوف
Bed Skirt,سرير تنورة
Bedding Set,مجموعة مفارش أسرّة
Carpet,سجاد
Chair Cover,غطاء كرسي
Cushion Cover,غطاء وسادة
Duvet Cover,غطاء لحاف
Handkerchief,منديل
Mat,حصيرة
Mattress Cover,غطاء فراش
Mosquito Net,ناموسية
Quilt,لحاف
Rug,بساط
Sheet,شرشف
Sofa Cover,غطاء أريكة
Table Cloth,غطاء طاولة
Table Napkin,مناديل الطاولة
Towel,منشفة
Valance,ستارة
Genuine Leather,جلود حقيقية
Synthetic Leather,لود اصطناعية
Sashes,زنانير
100% Acrylic Yarn,٪100 خيط أكريليك
100% Bamboo Fiber Yarn,٪100 خيط ألياف الخيزران
100% Cashmere Yarn,٪100 خيط كشمير
100% Cotton Yarn,٪100 خيط قطن
100% Jute Yarn,٪100 خيط جوت
100% Linen Yarn,٪100 خيط كتان
100% Modal Yarn,٪100 خيط مودال
100% Mohair Yarn,٪100 خيط موهير
100% Nylon Yarn,٪100 خيط نايلون
100% Polyester Yarn,٪100 خيط بولستر
100% Polypropylene Yarn,٪100 خيط بوليبروبيلين
100% Rayon Yarn,٪100 خيط حرير اصطناعي
100% Silk Yarn,٪100 خيط حرير
100% Viscose Yarn,٪100 خيط فسكوز
100% Wool Yarn,٪100 خيط صوف
Blended Yarn,خيوط مخلوطة
Metallic Yarn,خيوط معدنية
Organic Yarn,خيوط عضوية
Spandex Yarn,خيوط سباندكس
Contact Lenses,عدسات لاصقة
Eyeglasses Frames,إطارات نظارات
Eyeglasses Lenses,عدسات نظارات
Eyeglasses Parts,أجزاء نظارات
Eyewear Accessories,ملحقات نظارات
Eyewear Displays,معروضات تظارات
Glasses Tools,أدوات نظارات
Reading Glasses,نظارات قراءة
Sports Eyewear,نظارات رياضية
Sunglasses,نظارات شمسية
Body Jewelry,مجوهرات الجسم
Bracelets & Bangles,أساور
Brooches,دبابيس
Cuff Links & Tie Clips,مشبك قمصان وربطات عنق
Earrings,أقراط
Hair Jewelry,مجوهرات شعر
Jewelry Boxes,علب مجوهرات
Jewelry Cleaners & Polish,منظفات وملمعات مجوهرات
Jewelry Findings & Components,مكونات وعدة مجوهرات
Jewelry Packaging & Display,عرض وتغليف مجوهرات
Jewelry Sets,أطقم مجوهرات
Jewelry Tools & Equipment,أدوات ومعدات مجوهرات
Loose Diamonds,ألماس
Loose Gemstone,أحجار كريمة
Loose Pearls,لآلىء
Necklaces,قلائد
Rings,خواتم
Nurse Watches,ساعات ممرضات
Pocket Watches Chain,ساعات جيب بسلسلة
Pocket Watches,ساعات جيب
Watches Accessories,ملحقات الساعات
Watches Bands,أربطة ساعات
Watches Boxes & Cases,صناديق ومحافظ ساعات
Wristwatch Tools & Parts,أدوات وقطع ساعات المعصم
Wristwatches,ساعات المعصم
Caulking Gun,مدفع سد الشقوق
Glass Cutter,قاطع زجاج
Plaster Trowel,أداة طينة (تطيين)
Putty Knife,سكين مد المعجون
Cleaning Tools,أدوات تنظيف
Digging Tools,أدوات حفر
Fork,شوكة
Garden Blower & Vacuum,منفاخ وشفّاط
Garden Cultivator,آلة حراثة
Garden Shredder,آلة إتلاف
Grass Trimmer,أداة تقليم العشب
Hedge Trimmer,أداة تقليم سياج شجيرات
Hoe,مجرفة
Lawn Mower,جزازة العشب
Pickaxe,فأس
Pruning Tools,أدوات تقليم
Rake,آلة تسوية الأرض
Sickle,منجل
Spade & Shovel,رفش ومجرفة
Brush,فرشاة
Chisel,إزميل
Hammer,مطرقة
Knife,سكين
Pliers,كماشة
Saw,منشار
Screwdriver,مفك براغي
Wrench,مفتاح ربط
Jacks,مرفع
Lifting Sling,حمّالة رفع
Hand Carts & Trolleys,عربات
Pallet Jack,مرفاع منصة نقل
Wheelbarrows,عجلة اليد
Winches,ونش
Blower,منفاخ
Drill Bit,ريشة حفر
Electric Drill,مثقب كهربائي
Electric Hammer,مطرقة كهربائية
Electric Pipe Threader,آلة كهربائية للولبة الأنابيب
Electric Planer,آلة استواء كهربائية
Electric Screwdriver,مفك براغي كهربائي
Electric Trimmer,أداة تقليم كهربائية
Electric Wrench,مفتاح ربط كهربائي
Glue Gun,مدفع غراء
Grinder,مطحنة
Grinding Wheel,عجلة طحن
Heat Cutting Tools,أدوات قطع حرارية
Heat Gun,مدفع حراري
Hot Melt Glue Sticks,أصابع صمغ
Hydraulic Tools,أدوات هيدروليكية
Nail Gun,مدفع مسامير
Pneumatic Tools,أدوات تعمل بضغط الهواء
Polisher,ملمّع
Polishing Pad,وسادة تلميع
Sander,ماكنة سنفرة (صنفرة) رملية
Sanding Disc,قرص صنفرة
Saw Blade,شفرة منشار
Spray Gun,مدفع رش
Hand Tool Sets,أدوات اليد
Paint Tool Sets,أطقم أدوات الطلاء
Power Tool Sets,أطقم أدوات تعمل بالطاقة
Tool Bag,حقيبة أدوات
Tool Box,صندوق أدوات
Tool Cabinet,خزانة أدوات
Tool Case,حافظة أدوات
Baby Mobiles,موبايلات أطفال
Baby Rattles,خرخاشات أطفال
Baby Teethers,حلقات التسنين
Play Mats,حصر للعب
Kaleidoscope,المشكال (كليدوسكوب)
Magic Tricks,الخدع السحرية
Spinning Top,بلبل
Windmill,الطاحونة
Yoyo,يويو
Drawing Toys,ألعاب رسم
Learning Machinery,آلات تعليم
Math Toys,ألعاب رياضيات
Toy Musical Instrument,أدوات موسيقية
Bubble Toys,ألعاب فقاعات
Flying Disc,القرص الطائر
Inflatable Bouncer,نطاط قابل للنفخ
Kites,طائرات ورقية
Toy Balls,كرات
Toy Swords,سيوف
Toy Tents,خيام
Doctor Toys,ألعاب دكتور
Furniture Toys,أثاث
Kitchen Toys,ألعاب مطبخي
Tool Toys,ألعاب أدوات
Bath Toy Animal,ألعاب الحمّام
Inflatable Animal Toy,ألعاب قابلة للنفخ
Ride On Animal Toy,ألعاب ركوب على الحيوانات
Stuffed & Plush Toy Animal,ألعاب محشوة
Ride On Car,ألعاب ركوب السيارات
Bicycle Bags & Boxes,حقائب وصناديق دراجات
Bicycle Basket,سلل دراجات
Bicycle Bell,جرس دراجة
Bicycle Computer,كمبيوتر دراجة
Bicycle Helmet,خوذة دراجة
Bicycle Light,ضوء دراجة
Bicycle Lock,قفل دراجة
Bicycle Rack,رف دراجة
Bicycle Brake,فرامل دراجة
Bicycle Chain,سلسلة دراجة
Bicycle Crank & Chainwheel,وسلسلة الدوران
Bicycle Fork,شوكة دراجة
Bicycle Frame,هيكل دراجة
Bicycle Handlebar,مقود دراجة
Bicycle Hubs,محور دراجة
Bicycle Pedal,دواسة دراجة
Bicycle Saddle,مقعد دراجة
Bicycle Tires,إطارات دراجة
Bicycle Wheel,عجلة دراجة
Barge,مركب نقل
Cabin Cruiser,طوّافة بكبينة
Canoe/Kayak,كانو / كاياك
Cargo Ship,سفينة شحن
Fishing Vessel,سفينة صيد
Passenger Ship,سفينة ركّاب
Raft,طوّافة
Sailboat,قارب شراعي
Tanker,سفينة صهريجية
Yacht,يخت
City Bus,باص مدينة
Sightseeing Bus & Car,باصات وسيارات مشاهدة المعالم
Bus Body Kits,مجموعات جسم الباص
Bus Lights,أضواء
Bus Wheel & Tires,عجلات وإطارات
Ambulance,إسعاف
Fire Truck,شاحنة إطفاء الحريق
Tow Truck & Wrecker,شاحنة قطر وسحب
Boat Anchor,مرساة قارب
Boat Cover,غطاء قارب
Boat Engine,محرك قارب
Marine Hardware,أجهزة بحرية
Marine Propeller,مروحة دافعة
Marine Pump,مضخة
Jetski,جت سكي
Atv Trailer,مقطورة Atv
Boat Trailer,مقطورة مركب
Car Trailer,مقطورة سيارة
Trailer Parts,قطع مقطورات
Travel Trailer,مقطورة سفر
Truck Trailer,مقطورة شاحنة
Cargo Truck,شاحنة بضائع
Cement Truck,شاحنة إسمنت
Dump Truck,شاحنة قلّاب
High Altitude Operation Truck,شاحنة مرتفعات كبيرة
Refrigerator Truck,شاحنة مبردة
Sewage Suction Truck,شاحنة شفط مياه المجاري
Tanker Truck,صهريج
Tractor Truck,شاحنة جرّارة
Truck Body Parts,قطع جسم الشاحنة
Truck Brake,فرامل الشاحنة
Truck Drivetrain & Axles,نظام الدفع والمحاور
Truck Electrical System,أنظمة الكهرباء
Truck Steering,أنظمة التوجيه
Truck Suspension,أنظمة التعليق
Feed Additives,إضافات الأعلاف
Agrochemicals & Pesticides,كيماويات زراعية ومبيدات
Fertilizer,الأسمدة
Alcohol & Hydroxybenzene & Ether,كحول، هيدروكسي البنزين، إثير
Aldehyde & Ketone & Chinone,ألدهيد، كيتون، كوينون
Amine,أمين
Benzene & Derivatives,البنزين ومشتقاته
Carbohydrate,كربوهيدرات
Ester & Derivatives,استر ومشتقاته
Hydrocarbon & Derivatives,هيدروكربونات ومشتقاتها
Organic Acid,حمض عضوي
Organic Salt,ملح عضوي
Enzymes,إنزيمات
Microecology,الإيكولوجيا الدقيقة
Catalyst,محفزات
Chemical Auxiliary Agent,عامل كيماوي مساعد
Alkali,قلو
Elementary Substances,مواد إبتدائية
Inorganic Acids,أحماض غير عضوية
Inorganic Salts,أملاح غير عضوية
Oxide,أوكسيد
Beaker,بيكر
Buret,إنبوبة القياس
Centrifuge Tubes,أنابيب أجهزة الطرد المركزي
Flask,قارورة
Funnel,قمع
Lab Balance,ميزان
Lab Drying Equipment,أدوات تجفيف
Laboratory Bottle,زجاجة
Laboratory Centrifuge,جهاز طرد مركزي
Laboratory Clamp,ملقاط
Laboratory Cylinder,اسطوانة
Laboratory Heating Equipment,معدات تدفئة
Laboratory Thermostatic Devices,أجهزة ثرموستاتية
Petri Dish,علبة بتري
Pipette,أنبوبة مص مدرجة
Test Tube,أنبوب اختبار
Oxidizing Chemicals,كيماويات مُؤَكْسِدة
Bedroom Sets,أطقم غرفة نوم
Dressers,خزائن ملابس
Nightstands,منضدة جانب السرير
Sideboards,بوفيه
Bookcases,محافظ كتب
Cd Racks,حاملات أقراص
Chaise Lounge,أريكة استلقاء
Coat Racks,حوامل معاطف
Coffee Tables,طاولات قهوة
Console Tables,خزائن مزخرفة جانبية
Living Room Sets,مجموعات غرفة المعيشة
Shoe Racks,رفوف أحذية
Beach Chairs,كراسي الشاطئ
Garden Chairs,كراسي حديقة
Garden Sets,أطقم حديقة
Patio Benches,مقاعد باحات
Patio Umbrellas & Bases,مظلات
Sun Loungers,كرسي الإستلقاء
Massager Products,أجهزة تدليك
Rehabilitation Therapy Supplies,لوازم إعادة التأهيل
Agriculture Sprayer,ماكينات الرش
Balers,ماكينات حزن الرزم
Compost Making Machinery,ماكينات تصنيع السماد
Cultivators & Harvesters,حصّادات
Egg Incubators,حاضنات البيض
Farm Irrigation System,أنظمة الري
Farm Trailer,مقطورات مزارع
Feed Processing Machinery,ماكينات تغذية
Fertilizer Spreaders,موزعات سماد
Milking Machinery,حلّابات
Oil Pressers,عصارات زيت
Seeders,ناثرات بذور
Silos,صوامع
Slaughtering Equipment,معدات قصابة
Towable Backhoe,جرافة قابلة للقطر
Tractors,جرّارات
Apparel Machinery Parts,قطع ماكينات ملابس
Cap Making Machinery Parts,قطع ماكينات قبعات
Glove Making Machinery Parts,قطع ماكينات قفازات
Home Textile Product Machinery Parts,قطع ماكينات منسوجات منزلية
Leather Production Machinery Parts,قطع ماكينات إنتاج الجلود
Shoemaking Machinery Parts,قطع ماكينات تصنيع الأحئية
Sock Knitting Machinery Parts,قطع ماكينات تصنيع الجوارب
Textile Machinery Parts,قطع ماكينات النسيج
Cap Making Machinery,ماكينات قبعات
Gloves Making Machinery,ماكينات قفازات
Shoe Cementing Machinery,ماكينات تدعيم أحئية
Shoe Moulding Machinery,ماكينات صب أحذية
Sock Knitting Machinery,ماكينات نسج جوارب
Button Making Machinery,ماكينات صناعة أزرار
Buttonhole Machinery,ماكينات عراواة
Embroidery Machinery,ماكينات تطريز
Industrial Garment Press Machinery,ماكينات ضغط ملابس
Lace Machinery,ماكينات صناعة أربطة
Rhinestone Machinery,ماكينات حجر الراين
Sewing Machinery,ماكينات خياطة
Zipper Making Machinery,ماكينات سحّابات
Felting Machinery,ماكينات صنع اللباد
Quilting Machinery,ماكينات بطانة
Towel Making Machinery,ماكينات صنع المناشف
Bleaching Machinery,ماكينات تبييض
Braiding Machinery,ماكينات تجديل
Carding Machinery,ماكينات تمشيط
Cloth Cutting Machinery,ماكينات قص
Knitting Machinery,ماكينات حياكة
Spinning Machinery,ماكينات غزل
Textile Dyeing Machinery,ماكينات صباغة
Textile Finishing Machinery,ماكينات تشطيب
Textile Raw Material Machinery,ماكينات مواد نسيج أولية
Textile Tester,فاحص نسيج
Weaving Machinery,ماكينات نسج
Winding Machinery,ماكينات لف
Glass Machinery Parts,قطع ماكينات تصنيع الزجاج
Chemical Machinery Parts,قطع ماكينات كيميائية
Chemical Storage Equipment,معدات تخزين مواد كيميائية
Chemical Transportation Equipment,معدات نقل مواد كيميائية
Drying Equipment,معدات تجفيف
Granulators,معدات تحبيب (تنعيم)
Grinding Equipment,معدات طحن
Heat Transfer Equipment,معدات نقل حرارة
Mixing Equipment,معدات خلط
Pressure Vessels,أوعية ضغط
Reactors,مفاعلات
Separation Equipment,معدات فصل
Capsule Filling Machinery,ماكينات تعبئة كبسولات
Capsule Polisher,ملمّع كبسولات
Film Coating Machinery,ماكينات تغليف
Pharmaceutical Machinery Parts,قطع ماكينات دوائية
Pharmaceutical Packaging Machinery,ماكينات تغليف دوائية
Tablet Counter,عدّاد أقراص
Tablet Press,مكبس أقراص
Briquette Machinery,ماكينات فحم حجري
Dredger,كراءة
Leaching Tank,خزّان ترشيح
Mine Drilling Rig,منصة حفر
Mine Mill,مطحنة تنقيب
Mineral Separator,فاصل مواد معدنية
Mining Feeder,ملّقم تنقيب
Mining Machinery Parts,قطع ماكينات تنقيب
Mining Thickener,مثخن تنقيب
Rock Splitter,كاسر صخور
Sand Washer,غسالة رمل
Vibrating Screen,لوح هزّاز
Centralizer,منّصف
Drainage Device,جهاز تصريف
Elevator,مصعد
Mud Pump,مضخة طين
Oilfield Centrifuge,أجهزة طرد مركزي
Oilfield Drilling Rig,منصات حفر
Oilfield Mud Tank,خزّان طين
Oilfield Pumping Unit,وحدة ضخ
Oilfield Shale Shaker,هزّاز صخر طيني
Oilfield Stabilizer,مثبّت
Packer,حشوة
Screw Pump,مضخة لولبية
Torque Anchor,مرساة عزم الدوران
Tubing Anchor,مرساة مد أنابيب
Concrete Batching Plant,مصنع خلط خرسانة
Concrete Mixers,خلاطات خرسانة
Concrete Pumps,مضخات خرسانة
Concrete Spreader,موزع خرسانة
Concrete Truck,شاحنات نقل خرسانة
Concrete Vibrator,هزّاز خرسانة
Shotcrete Machinery,ماكينات رش إسمنت
Gantry Cranes,رافعات قنطرية متحركة
Floating Cranes,رافعات عائمة
Jib Cranes,ذراع رافعة
Portal Cranes,رافعات مرافئ
Tower Cranes,رافعات برجية
Truck Cranes,رافعات شاحنات
Bulldozers,جرافات
Compactors,مداحل
Excavators,حفارات
Loaders,شيول صغير
Garbage Truck,شاحنة جمع القمامة
Hydroseeding Machinery,ماكينات رش
Road Sweeper,سيارات كنس الطرقات
Snow Sweeper,سيارات كنس الثلج
Watering Cart,عربات سقاية
Asphalt Mixers,خلاطات الأسفلت
Concrete Cutter,قاطعات إسمنت
Concrete Grinder,مطحنة خرسانة
Concrete Scarifier,مخدشة خرسانة
Motor Graders,آلات تمهيد التربة
Pavers,راصفات
Power Trowel,آلة تمليس
ماكينات حز الطرق,الطريق الحز ماكينات
Road Marking Machinery,ماكينات وضع علامات الطرق
Road Marking Removers,ماكينات إزالة علامات الطرق
Road Roller,مدحلة طرقات
Road Sealing Machinery,ماكينات سد شقوق الطرقات
Beverage & Wine Machinery Parts,قطع ماكينات معالجة النبيذ والمشروبات
Dispensing Machinery,ماكينات صرف
Emulsifier,مستحلب
Fermenting Equipment,معدات تخمر
Homogenizer,خالط
Separator,فاصل
Sterilizer,معقم
Storage Tank,خزان
Washer,غسالة
Flour Mill,مطحنة طحين
Peeling Mill,مطحنة تقشير
Rice Mill,مطحنة أرز
Sausage Stuffer,ماكينات تعبئة سجق
Meat Bowl Cutter,ماكينات تقطيع اللحوم
Meat Mincer,ماكينات فرم اللحوم
Meat Mixer,ماكينات خلط اللحوم
Meat Slicer,ماكينات قطع شرائح اللحوم
Spice & Sauce Machinery,ماكينات البهارات والصلصة
Sugar & Salt Processing Machinery,ماكينات معالجة السكر والملح
Air Cleaning Equipment Parts,قطع معدات التنظيف بالهواء
Air Shower,دش الهواء
Industrial Dehumidifier,معدات صناعية لإزالة الرطوبة
Industrial Humidifier,معدات ترطيب صناعية
Boilers Parts,قطع مراجل
Boilers,مراجل
Cleaning Equipment Parts,قطع معدات تنظيف
Corner Cleaning Machinery,ماكينات تنظيف زوايا
Floor Sweeper,مكانس أرضيات
High Pressure Cleaner,معدات تنظيف ضغط عالي
Industrial Ultrasonic Cleaner,معدات تنظيف صناعية فوق صوتية
Industrial Vacuum Cleaner,مكنسة كهربائية صناعية
Industrial Washer,غسالة صناعية
Sandblaster,معدات تنظيف بالرمل
Air Filter,فلتر هواء
Dust Collector,جامع غبار
Filter Press Equipment,معدات كبس فلاتر
Machinery Oil Filter,ماكينات تصفية النفط
Machinery Oil Purifier,ماكينات تنقية النفط
Water Filter,تصفية المياه
Machinery Engines,محركات ماكينات
Machinery Engine Parts,قطع محركات ماكينات
Bridge Cranes,رافعات جسرية
Conveyors,ناقلات
رافعات شوكية,الشوكية
Hoists,رافعات سقفية
Lift Tables,طاولات رفع
Magnetic Lifter,رافع مغناطيسي
Material Handling Equipment Parts,قطع معدات مناولة المواد
Stacker & Reclaimer,مكدس ومعيد طلب
Vacuum Lifter,رافع فراغي
Axial Flow Fans,مراوح تدفق محوري
Centrifugal Fans,مراوح أجهزة طرد مركزي
Cross Flow Fans,مراوح خلط ترفقية
Radial Fans,مراوح نصف قطرية
Ventilation Fans Parts,أجزاء مراوح التهوية
Cnc Controller,مراقب تحم عددي
Machinery Center,أجزاء ماكينات أساسية
Arc Welders,قوس لحام
Electric Soldering Irons,قضبان لحام قصدير كهربائي
Friction Welder,لحام الاحتكاك
Mig Welders,لحام ميغ
Plasma Welders,لحام بلازما
Plastic Welders,لحام بلاستيك
Press Welders,لحام كبس
Reflow Solder,لحام بالسيولة (لحام إعادة الدفق)
Resistance Welders,لحام المقاومة
Seam Welders,لحام التماس
Soldering Machinery,ماكينات لحام
Soldering Station,محطة لحام
Spot Welders,لحام بقع صغيرة
Tube Welders,لحام أنابيب
Welding Positioner,مموضع لحام
Welding Turning Roll,بكرة إستدارة لحام
Welding Wire Machinery,ماكينات لحام أسلاك
Thread Rolling Machinery,ماكينات تشكيل أسنان بالدلفنة
Wire Drawing Machinery,ماكينات سحب أسلاك
Mould Temperature Controller,مراقب قولبة حراري
Plastic Winding Machinery,ماكينات تدوير بلاستيك
Foam Machinery,ماكينات رغوة
Plastic Blowing Machinery,ماكينات نفخ بلاستيك
Plastic Cutting Machinery,ماكينات قطع بلاستيك
Plastic Extruders,ماكينات قذف بلاستيك
Plastic Flocking Machinery,ماكينات تجميع بلاستيك
Plastic Haul Off Machinery,ماكينات سحب بلاستيك
Plastic Injection Machinery,حقنبلاستيك ماكينات
Plastic Laminating Machinery,ماكينات ترقيق بلاستيك
Plastic Rolling Machinery,ماكينات لف بلاستيك
Plastic Thermoforming Machinery,ماكينات تشكيل بلاستيك حرارية
Plastic Vacuum Forming Machinery,ماكينات تشكيل بلاستيك فراغية
Plastic Drying Machinery,ماكينات تجفيف بلاستيك
Plastic Granulators,ماكينات حبحبة بلاستيك
Plastic Mixer,خلاط بلاستيك
Plastic Crushing Machinery,كسّارات بلاستيك
Rubber Pyrolysis Machinery,ماكينات تحلّل المطاط بالحرارة
Tire Retreat Machinery,ماكينات سحب (معالجة) إطارات
Feed Enzymes,إنزيمات أعلاف
Food Enzymes,إنزيمات طعام
Industrial Enzymes,إنزيمات صناعية
Probiotics,معينات حيوية
Borate,بورات
Carbonate,كربونات
Chlorate,كلورات
Chloride,كلوريد
Cyanide & Cyanate,السيانيد وسيانيت
Halide,هاليد
Nitrate,نترات
Permanganate,برمنغنات
Phosphate,فوسفات
Silicate,سيليكات
Sulfide,كبريتيد
Sulphate,كبريتات
