Acre/Acres,Acre/Acres AR
Ampere/Amperes,Ampere/Amperes AR
Bag/Bags,Bag/Bags AR
Barrel/Barrels,Barrel/Barrels AR
Blade/Blades,Blade/Blades AR
Box/Boxes,Box/Boxes AR
Bushel/Bushels,Bushel/Bushels AR
Carat/Carats,Carat/Carats AR
Case/Cases,Case/Cases AR
Centimeter/Centimeters,Centimeter/Centimeters AR
Carton/Cartons,Carton/Cartons AR
Chain/Chains,Chain/Chains AR
Combo/Combos,Combo/Combos AR
Cubic Centimeter/Cubic Centimeters,Cubic Centimeter/Cubic Centimeters AR
Cubic Foot/Cubic Feet,Cubic Foot/Cubic Feet AR
Cubic Inch/Cubic Inches,Cubic Inch/Cubic Inches AR
Cubic Meter/Cubic Meters,Cubic Meter/Cubic Meters AR
Cubic Yard/Cubic Yards,Cubic Yard/Cubic Yards AR
Day/Days,Day/Days AR
Degrees Celsius,Degrees Celsius AR
Degrees Fahrenheit,Degrees Fahrenheit AR
Dozen/Dozens,Dozen/Dozens AR
Dram/Drams,Dram/Drams AR
Fluid Ounce/Fluid Ounces,Fluid Ounce/Fluid Ounces AR
Foot/Feet,Foot/Feet AR
Forty-Foot Container,Forty-Foot Container AR
Furlong/Furlongs,Furlong/Furlongs AR
Gallon/Gallons,Gallon/Gallons AR
Gill/Gills,Gill/Gills AR
Grain/Grains,Grain/Grains AR
Gram/Grams,Gram/Grams AR
Gross,Gross AR
Hectare/Hectares,Hectare/Hectares AR
Hertz,Hertz AR
Hour/Hours,Hour/Hours AR
Inch/Inches,Inch/Inches AR
Kiloampere/Kiloamperes,Kiloampere/Kiloamperes AR
Kilogram/Kilograms,Kilogram/Kilograms AR
Kilohertz,Kilohertz AR
Kilometer/Kilometers,Kilometer/Kilometers AR
Kiloohm/Kiloohms,Kiloohm/Kiloohms AR
Kilovolt/Kilovolts,Kilovolt/Kilovolts AR
Kilowatt/Kilowatts,Kilowatt/Kilowatts AR
Liter/Liters,Liter/Liters AR
Long Ton/Long Tons,Long Ton/Long Tons AR
Megahertz,Megahertz AR
Meter/Meters,Meter/Meters AR
Metric Ton/Metric Tons,Metric Ton/Metric Tons AR
Mile/Miles,Mile/Miles AR
Milliampere/Milliamperes,Milliampere/Milliamperes AR
Milligram/Milligrams,Milligram/Milligrams AR
Millihertz,Millihertz AR
Milliliter/Milliliters,Milliliter/Milliliters AR
Millimeter/Millimeters,Millimeter/Millimeters AR
Milliohm/Milliohms,Milliohm/Milliohms AR
Millivolt/Millivolts,Millivolt/Millivolts AR
Milliwatt/Milliwatts,Milliwatt/Milliwatts AR
Month/Months,Month/Months AR
Nautical Mile/Nautical Miles,Nautical Mile/Nautical Miles AR
Ohm/Ohms,Ohm/Ohms AR
Ounce/Ounces,Ounce/Ounces AR
Pack/Packs,Pack/Packs AR
Pair/Pairs,Pair/Pairs AR
Pallet/Pallets,Pallet/Pallets AR
Parcel/Parcels,Parcel/Parcels AR
Perch/Perchs,Perch/Perchs AR
Piece/Pieces,Piece/Pieces AR
Pint/Pints,Pint/Pints AR
Plant /Plants,Plant /Plants AR
Pole /Poles,Pole /Poles AR
Pound/Pounds,Pound/Pounds AR
Quart/Quarts,Quart/Quarts AR
Quarter/Quarters,Quarter/Quarters AR
Rod/Rods,Rod/Rods AR
Roll/Rolls,Roll/Rolls AR
Set/Sets,Set/Sets AR
Sheet/Sheets,Sheet/Sheets AR
Short Ton/Short Tons,Short Ton/Short Tons AR
Square Centimeter/Square Centimeters,Square Centimeter/Square Centimeters AR
Square Foot/Square Feet,Square Foot/Square Feet AR
Square Inch/Square Inches,Square Inch/Square Inches AR
Square Meter/Square Meters,Square Meter/Square Meters AR
Square Mile/Square Miles,Square Mile/Square Miles AR
Square Yard/Square Yards,Square Yard/Square Yards AR
Stone/Stones,Stone/Stones AR
Strand/Strands,Strand/Strands AR
Ton/Tons,Ton/Tons AR
Tonne/Tonnes,Tonne/Tonnes AR
Tray/Trays,Tray/Trays AR
Twenty-Foot Container,Twenty-Foot Container AR
Unit/Units,Unit/Units AR
Volt/Volts,Volt/Volts AR
Watt/Watts,Watt/Watts AR
Wp,Wp AR
Yard/Yards,Yard/Yards AR
Year/Years,Year/Years AR
Other,Other AR