62862,http://www.searchinmena.com/system/companies/images/000/062/862/original/logo_(1).png
62900,http://www.searchinmena.com/system/companies/images/000/062/900/original/Logoonly.png
62949,http://www.searchinmena.com/system/companies/images/000/062/949/original/logo.png
63006,http://www.searchinmena.com/system/companies/images/000/063/006/original/logo_(2).png
63007,http://www.searchinmena.com/system/companies/images/000/063/007/original/Bizland_Logo.jpg
63047,http://www.searchinmena.com/system/companies/images/000/063/047/original/Geniusbyte_Logo_120x120.jpg
63073,http://www.searchinmena.com/system/companies/images/000/063/073/original/habibwt-logo.jpg
63076,http://www.searchinmena.com/system/companies/images/000/063/076/original/logo.jpg
63096,http://www.searchinmena.com/system/companies/images/000/063/096/original/Massaed_Logo.png
63138,http://www.searchinmena.com/system/companies/images/000/063/138/original/kipor.png
63141,http://www.searchinmena.com/system/companies/images/000/063/141/original/FINAL_ABC_LOGO-03.jpg
63149,http://www.searchinmena.com/system/companies/images/000/063/149/original/Final_logo_1.png
63150,http://www.searchinmena.com/system/companies/images/000/063/150/original/Company_Logo.jpg
63153,http://www.searchinmena.com/system/companies/images/000/063/153/original/logo-pi4.png
63155,http://www.searchinmena.com/system/companies/images/000/063/155/original/10155481_611612578916553_1264487735_n.jpg
63162,http://www.searchinmena.com/system/companies/images/000/063/162/original/theresearchchemicals.jpg
63166,http://www.searchinmena.com/system/companies/images/000/063/166/original/1396688920_67286.jpg
63176,http://www.searchinmena.com/system/companies/images/000/063/176/original/PKF_logo.jpg
63177,http://www.searchinmena.com/system/companies/images/000/063/177/original/logo.jpg
63181,http://www.searchinmena.com/system/companies/images/000/063/181/original/SKY-Logo.jpg
63183,http://www.searchinmena.com/system/companies/images/000/063/183/original/PCG_LOGO.jpg
63184,http://www.searchinmena.com/system/companies/images/000/063/184/original/1047872_405140329651321_6821805605309791869_o.jpg
63185,http://www.searchinmena.com/system/companies/images/000/063/185/original/logo.png
63186,http://www.searchinmena.com/system/companies/images/000/063/186/original/LOGO_WO_ADD_MIS_Small.jpg
63194,http://www.searchinmena.com/system/companies/images/000/063/194/original/tensator-logo-top.png
63195,http://www.searchinmena.com/system/companies/images/000/063/195/original/Assala_Logo_1.jpg
63202,http://www.searchinmena.com/system/companies/images/000/063/202/original/GV_JPEG_LOGO.jpg
63226,http://www.searchinmena.com/system/companies/images/000/063/226/original/Cloud-Concept-salesforce.png
63230,http://www.searchinmena.com/system/companies/images/000/063/230/original/conlux_klein.jpg
63232,http://www.searchinmena.com/system/companies/images/000/063/232/original/texgraff-logo.jpg
63250,http://www.searchinmena.com/system/companies/images/000/063/250/original/ea_technology_RGB.jpg
63266,http://www.searchinmena.com/system/companies/images/000/063/266/original/AK_LOGO.jpg
63270,http://www.searchinmena.com/system/companies/images/000/063/270/original/unnamed.png
63271,http://www.searchinmena.com/system/companies/images/000/063/271/original/logo.png
63281,http://www.searchinmena.com/system/companies/images/000/063/281/original/logo.png
63284,http://www.searchinmena.com/system/companies/images/000/063/284/original/AAC_LOGO.jpg
63298,http://www.searchinmena.com/system/companies/images/000/063/298/original/Cargetsrent.jpg
63300,http://www.searchinmena.com/system/companies/images/000/063/300/original/mccollinsmedialogo.jpg
