133,Air Compressors
361,Alternative Energy Generators
362,Alternative Energy Generators
437,Amplifiers
529,Amplifiers
155,Architecture Membrane
131,Automotive Rubber
395,Banner Stands
448,Beds
450,Beds
451,Beds
199,Fermenting Equipment
200,Fermenting Equipment
201,Fermenting Equipment
377,Biscuits
215,Blenders
217,Blenders
380,Brick Making Machinery
528,Broadcast Intercom System
478,"Buckets, Coolers & Holders"
378,Car Cleaning Tool
479,Cargo Ship
164,Cargo Truck
174,Cctv System
203,Coffee Grinders
207,Coffee Grinders
218,Coffee Grinders
198,Coffee Makers
143,Communication Cables
173,Conference System
195,Cooking Appliances
196,Cooking Appliances
188,Dairy Snacks
202,Dairy Snacks
475,Digital Printers
496,Display Racks
530,Display Racks
139,Doors
413,Doors
61,Electric Drill 
62,Electric Drill 
92,Electric Drill 
93,Electric Drill 
105,Electric Drill 
84,Electric Hammer 
87,Electric Hammer 
94,Electric Hammer 
100,Electric Hammer 
63,Electric Saw 
68,Electric Saw 
69,Electric Saw 
324,Elevators
376,Energy Drinks
397,Event & Party Supplies
144,Face & Body Mask
145,Face & Body Mask
146,Face & Body Mask
523,Fiber Optic Equipment
511,Film Cameras
364,Flood Lights
214,Food Mixers
374,Fruit & Vegetable Juice
204,Fruit & Vegetables Tools
209,Fryer
219,Fryer
365,Generator Parts & Accessories
64,Grinder 
65,Grinder 
66,Grinder 
67,Grinder 
230,Grinding Machinery
221,High Bay Lights
213,Ice Cream Makers
189,Ice Makers
190,Ice Makers
191,Ice Makers
192,Ice Makers
210,Ice Makers
369,Industrial Power Supply
170,Integrated Circuits
524,Integrated Circuits
452,Ladders
453,Ladders
454,Ladders
455,Ladders
456,Ladders
457,Ladders
458,Ladders
439,Led Displays
501,Led Outdoor Lighting
223,Led Residential Lighting
499,Led Residential Lighting
500,Led Residential Lighting
461,Living Room Cabinets
462,Living Room Cabinets
460,Lockers
366,Machinery Engine & Parts
206,Meat Product Making Machinery
180,Multi-Functional Beauty Equipment
138,Nails
512,Network Switches
477,Other Commercial Furniture
368,Other Construction Machinery
208,Other Food Processing Machinery
363,Other Generators
134,Other Heat Insulation Materials
135,Other Heat Insulation Materials
136,Other Heat Insulation Materials
226,Other Machinery Tool Equipment
227,Other Machinery Tool Equipment
468,Other Printing Services
216,Other Restaurant & Hotels Supplies
471,Other Restaurant & Hotels Supplies
526,Other Switches
510,Other Telecommunication Products
495,"Other Wires, Cables, & Cable Assemblies"
73,Parking Equipment 
74,Parking Equipment 
75,Parking Equipment 
76,Parking Equipment 
77,Parking Equipment 
78,Parking Equipment 
79,Parking Equipment 
80,Parking Equipment 
124,Plastic Sheets
116,Plastic Sheets 
156,Prefab Houses
176,Prefab Houses
467,Promotional Bags
187,Refrigeration Equipment
194,Refrigeration Equipment
205,Refrigeration Equipment
498,Repeater
513,Routers
444,Scaffolding
445,Scaffolding
446,Scaffolding
447,Scaffolding
519,Servers
459,Shoe Racks
520,Signal Generator
522,Signal Generator
402,Software
469,Software
514,Software
515,Software
517,Software
518,Software
525,Software
438,Speakers
220,Spotlights
222,Stage Lights
177,Storage Trays
327,Teaching Resources
393,Teaching Resources
211,Vacuum Cleaners
309,Waterproof Membrane 
310,Waterproof Membrane 
311,Waterproof Membrane 
312,Waterproof Membrane 
313,Waterproof Membrane 
314,Waterproof Membrane 
315,Waterproof Membrane 
316,Waterproof Membrane 
317,Waterproof Membrane 
318,Waterproof Membrane 
319,Waterproof Membrane 
320,Waterproof Membrane 
321,Waterproof Membrane 
322,Waterproof Membrane 
323,Waterproof Membrane 
497,Wireless Networking Equipment
507,Wireless Networking Equipment
508,Wireless Networking Equipment
509,Wireless Networking Equipment
178,Wood Shaving Machinery
40,Water Treatment 
41,Water Treatment 
42,Water Treatment 
43,Water Treatment 
44,Water Treatment 
45,Water Treatment 
46,Auto Brake Systems
99,HVAC Systems & Parts 
114,HVAC Systems & Parts 
115,Workwear 
126,Metal Building Materials 
127,Clamps
128,Power Accessories
129,Power Accessories
130,Pipe Fittings
132,Hvac Systems & Parts
137,Adhesives & Sealants
141,Water Treatment
142,Water Treatment
166,Power Tool Accessories
186,Heat Water Heaters
212,Other Home Appliances
229,Other Consumer Electronics
282,Pipe Fittings 
288,Pipe Fittings 
367,Special Transportation
375,Other Food & Beverage
388,Pharmaceutical
389,Pharmaceutical
390,Pharmaceutical
391,Pharmaceutical
392,Pharmaceutical
399,Other Gifts & Crafts
400,Other Metals & Metal Products
414,Other Construction & Real Estate
416,T-Shirts
420,T-Shirts
426,Hoodies & Sweatshirts
432,Pants & Trousers
440,Other Lights & Lighting Products
476,Other Electronic Components
481,Other Service Equipment
482,Other Electrical Equipment
483,Other Electrical Equipment
493,Food & Beverage
516,"Professional Audio , Video , Lighting"
