530,http://www.searchinmena.com/system/products/images/000/000/530/original/stand7.jpg?1439729929
529,http://www.searchinmena.com/system/products/images/000/000/529/original/prodw2.png?1439723685
528,http://www.searchinmena.com/system/products/images/000/000/528/original/Transmission_Servers___Storage.png?1439721674
527,http://www.searchinmena.com/system/products/images/000/000/527/original/Captioning___Subtitles.png?1439721635
526,http://www.searchinmena.com/system/products/images/000/000/526/original/Master_Control___Branding.png?1439721594
525,http://www.searchinmena.com/system/products/images/000/000/525/original/Cloud-Enabled_Playout___Regionalization.png?1439721554
524,http://www.searchinmena.com/system/products/images/000/000/524/original/Integrated_Playout.png?1439721517
523,http://www.searchinmena.com/system/products/images/000/000/523/original/Fiber_Distribution.png?1439721476
522,http://www.searchinmena.com/system/products/images/000/000/522/original/Monitoring___Control.png?1439721438
521,http://www.searchinmena.com/system/products/images/000/000/521/original/Multiviewers.png?1439721397
520,http://www.searchinmena.com/system/products/images/000/000/520/original/Signal_Processing.png?1439721298
519,http://www.searchinmena.com/system/products/images/000/000/519/original/Servers__Storage___Recorders.png?1439721259
518,http://www.searchinmena.com/system/products/images/000/000/518/original/Editing.png?1439721168
517,http://www.searchinmena.com/system/products/images/000/000/517/original/GV_STRATUS.png?1439721105
516,http://www.searchinmena.com/system/products/images/000/000/516/original/Automated_Production.png?1439721058
515,http://www.searchinmena.com/system/products/images/000/000/515/original/Graphics.png?1439721020
514,http://www.searchinmena.com/system/products/images/000/000/514/original/Replay.png?1439720953
513,http://www.searchinmena.com/system/products/images/000/000/513/original/Routers.png?1439720909
512,http://www.searchinmena.com/system/products/images/000/000/512/original/Switchers.png?1439720804
511,http://www.searchinmena.com/system/products/images/000/000/511/original/Camera___Fiber_Systems.png?1439720720
510,http://www.searchinmena.com/system/products/images/000/000/510/original/download_%283%29.jpg?1439212838
509,http://www.searchinmena.com/system/products/images/000/000/509/original/download_%282%29.jpg?1439212689
508,http://www.searchinmena.com/system/products/images/000/000/508/original/bullettitanium5_800x600_.jpg?1439212495
507,http://www.searchinmena.com/system/products/images/000/000/507/original/airFiber_5_small_2x.png?1439212197
506,http://www.searchinmena.com/system/products/images/000/000/506/original/insurance.jpg?1439208095
505,http://www.searchinmena.com/system/products/images/000/000/505/original/pre-employment-screening.jpg?1439206557
504,http://www.searchinmena.com/system/products/images/000/000/504/original/images.jpg?1439206346
503,http://www.searchinmena.com/system/products/images/000/000/503/original/fraud.jpg?1439202014
501,http://www.searchinmena.com/system/products/images/000/000/501/original/FL150.png?1439191990
500,http://www.searchinmena.com/system/products/images/000/000/500/original/150W_120deg1.jpg?1439191616
499,http://www.searchinmena.com/system/products/images/000/000/499/original/6.jpg?1439191203
498,http://www.searchinmena.com/system/products/images/000/000/498/original/download_%281%29.jpg?1439191410
497,http://www.searchinmena.com/system/products/images/000/000/497/original/download.jpg?1439191050
496,http://www.searchinmena.com/system/products/images/000/000/496/original/stand3.png?1439190140
495,http://www.searchinmena.com/system/products/images/000/000/495/original/CAVEL.jpg?1439189862
494,http://www.searchinmena.com/system/products/images/000/000/494/original/stands.jpg?1439189806
493,http://www.searchinmena.com/system/products/images/000/000/493/original/Al-Kabeer_Product_range.png?1439189584
483,http://www.searchinmena.com/system/products/images/000/000/483/original/utl.png?1438843623
482,http://www.searchinmena.com/system/products/images/000/000/482/original/utp.png?1438843365
481,http://www.searchinmena.com/system/products/images/000/000/481/original/msm_1.png?1438779353
478,http://www.searchinmena.com/system/products/images/000/000/478/original/BLACK_LD_8.jpg?1438772356
477,http://www.searchinmena.com/system/products/images/000/000/477/original/IQM.png?1438771917
476,http://www.searchinmena.com/system/products/images/000/000/476/original/electronic_queueing.png?1438770006
475,http://www.searchinmena.com/system/products/images/000/000/475/original/mpower_icons22.png?1438686745
472,http://www.searchinmena.com/system/products/images/000/000/472/original/virtual_assistant.jpg?1438759159
471,http://www.searchinmena.com/system/products/images/000/000/471/original/tensabarrier-photo-1.jpg?1438602726
469,http://www.searchinmena.com/system/products/images/000/000/469/original/1-e1404038237994.png?1438502880
468,http://www.searchinmena.com/system/products/images/000/000/468/original/images.jpg?1438244256
467,http://www.searchinmena.com/system/products/images/000/000/467/original/images.jpg?1438244103
466,http://www.searchinmena.com/system/products/images/000/000/466/original/Assala_Logo_1.jpg?1438243177
463,http://www.searchinmena.com/system/products/images/000/000/463/original/SKY-Logo.jpg?1438179795
462,http://www.searchinmena.com/system/products/images/000/000/462/original/Steel_Cupboards.jpg?1438177023
461,http://www.searchinmena.com/system/products/images/000/000/461/original/Steel_Vertical_Filing_Cabinet.jpg?1438176980
460,http://www.searchinmena.com/system/products/images/000/000/460/original/Steel_Lockers.jpg?1438176937
459,http://www.searchinmena.com/system/products/images/000/000/459/original/Shoe_Rack.jpg?1438177056
458,http://www.searchinmena.com/system/products/images/000/000/458/original/Multi-Task_Aluminium_Ladder.jpg?1438176764
457,http://www.searchinmena.com/system/products/images/000/000/457/original/Tripple_Section_Aluminium_Ladder.jpg?1438176685
456,http://www.searchinmena.com/system/products/images/000/000/456/original/Double_Section_Aluminium_Ladder.jpg?1438176633
455,http://www.searchinmena.com/system/products/images/000/000/455/original/Straight_Aluminium_Ladder.jpg?1438176587
454,http://www.searchinmena.com/system/products/images/000/000/454/original/Two_Way_Aluminium_Ladder.jpg?1438176520
453,http://www.searchinmena.com/system/products/images/000/000/453/original/Rolling_Warehouse_Aluminium_Ladder.jpg?1438176462
452,http://www.searchinmena.com/system/products/images/000/000/452/original/Platform_Step_Aluminium_Ladder.jpg?1438176337
451,http://www.searchinmena.com/system/products/images/000/000/451/original/Detachable_Cot.jpg?1438176184
450,http://www.searchinmena.com/system/products/images/000/000/450/original/Bunk_Cot.jpg?1438176042
448,http://www.searchinmena.com/system/products/images/000/000/448/original/Single_Cot.jpg?1438175973
447,http://www.searchinmena.com/system/products/images/000/000/447/original/Aluminium_Podium_Scaffolding.jpg?1438175917
446,http://www.searchinmena.com/system/products/images/000/000/446/original/Aluminium_Folding_Scaffolding.jpg?1438175860
445,http://www.searchinmena.com/system/products/images/000/000/445/original/Aluminium_Mobile_Narrow_Scaffolding.jpg?1438175824
444,http://www.searchinmena.com/system/products/images/000/000/444/original/Aluminium_Mobile_Wide_Scaffolding.jpg?1438175762
440,http://www.searchinmena.com/system/products/images/000/000/440/original/Lighting_Control.png?1439724300
439,http://www.searchinmena.com/system/products/images/000/000/439/original/ligiting.png?1439723863
438,http://www.searchinmena.com/system/products/images/000/000/438/original/SPEAKER.png?1439723544
437,http://www.searchinmena.com/system/products/images/000/000/437/original/amplifiers.png?1439723216
436,http://www.searchinmena.com/system/products/images/000/000/436/original/PRODODO.png?1439723325
435,http://www.searchinmena.com/system/products/images/000/000/435/original/prod2.png?1439723074
434,http://www.searchinmena.com/system/products/images/000/000/434/original/prod1.png?1439722976
432,http://www.searchinmena.com/system/products/images/000/000/432/original/TROUSER.jpeg?1438174573
426,http://www.searchinmena.com/system/products/images/000/000/426/original/SWEAT_SHIRT.jpeg?1438174079
420,http://www.searchinmena.com/system/products/images/000/000/420/original/POLO_T-SHIRT.jpg?1438173509
416,http://www.searchinmena.com/system/products/images/000/000/416/original/BASIC_T-SHIRT.jpg?1438170657
415,http://www.searchinmena.com/system/products/images/000/000/415/original/3.jpg?1438063963
414,http://www.searchinmena.com/system/products/images/000/000/414/original/11150933_1646583978905232_85162468315411248_n.jpg?1437993110
413,http://www.searchinmena.com/system/products/images/000/000/413/original/11136723_1646583932238570_8085030766469888495_n.jpg?1437993056
412,http://www.searchinmena.com/system/products/images/000/000/412/original/148703_1670754553154841_5964731608402427689_n.jpg?1437992940
411,http://www.searchinmena.com/system/products/images/000/000/411/original/11424016_1669989246564705_5118885016756837883_o.jpg?1437992911
410,http://www.searchinmena.com/system/products/images/000/000/410/original/11048719_1669054509991512_3272100964501875902_n.jpg?1437992878
409,http://www.searchinmena.com/system/products/images/000/000/409/original/1507086_1669054399991523_3867127583281167773_n.jpg?1437992823
408,http://www.searchinmena.com/system/products/images/000/000/408/original/digital.png?1437981607
406,http://www.searchinmena.com/system/products/images/000/000/406/original/CAR4.JPG?1437973680
405,http://www.searchinmena.com/system/products/images/000/000/405/original/RECEPTION_1_FINAL.jpg?1437973444
402,http://www.searchinmena.com/system/products/images/000/000/402/original/Products.png?1437905924
399,http://www.searchinmena.com/system/products/images/000/000/399/original/custom-products_%281%29.jpg?1437581373
398,http://www.searchinmena.com/system/products/images/000/000/398/original/market_researc.jpg?1437581260
397,http://www.searchinmena.com/system/products/images/000/000/397/original/corporate-event.jpg?1437580928
396,http://www.searchinmena.com/system/products/images/000/000/396/original/Buck-Models-at-work-hostesses-hostess-host-welcome-hospitality-event-party-company-party-expo-fair-exhibit.jpg?1437580760
395,http://www.searchinmena.com/system/products/images/000/000/395/original/SFS_Intec_Space_Only_Exhibition_Stand.jpg?1437580603
393,http://www.searchinmena.com/system/products/images/000/000/393/original/allassignmenthelp_benner4.jpg?1437408317
392,http://www.searchinmena.com/system/products/images/000/000/392/original/Hallucinogens.png?1437113308
391,http://www.searchinmena.com/system/products/images/000/000/391/original/Psychedelics.jpg?1437113261
390,http://www.searchinmena.com/system/products/images/000/000/390/original/theresearchchemicals.jpg?1437113106
389,http://www.searchinmena.com/system/products/images/000/000/389/original/Cannabinoids.png?1437113054
388,http://www.searchinmena.com/system/products/images/000/000/388/original/Stimulants.jpg?1437113019
381,http://www.searchinmena.com/system/products/images/000/000/381/original/10443970_773581462719663_4800100204282173283_n.jpg?1436970084
380,http://www.searchinmena.com/system/products/images/000/000/380/original/10155481_611612578916553_1264487735_n.jpg?1436970142
379,http://www.searchinmena.com/system/products/images/000/000/379/original/Geniusbyte_Logo.png?1436697148
377,http://www.searchinmena.com/system/products/images/000/000/377/original/Angels_Nougat_Biscuits.jpg?1436690028
376,http://www.searchinmena.com/system/products/images/000/000/376/original/RF_Logo_Blue_bg_Nutrition.jpg?1436689825
375,http://www.searchinmena.com/system/products/images/000/000/375/original/Walt_Family_Logo.jpg?1436688972
374,http://www.searchinmena.com/system/products/images/000/000/374/original/FINAL_NEW_LIFE_LOGO-01.jpg?1436689572
370,http://www.searchinmena.com/system/products/images/000/000/370/original/Screen_Shot_2015-07-09_at_11.37.45_AM.png?1436428341
368,http://www.searchinmena.com/system/products/images/000/000/368/original/Construction_Machinery.png?1436423650
367,http://www.searchinmena.com/system/products/images/000/000/367/original/Industry_Vehicle.jpg?1436423549
366,http://www.searchinmena.com/system/products/images/000/000/366/original/engine7-160x160.JPG?1436423402
365,http://www.searchinmena.com/system/products/images/000/000/365/original/Natural_Gas_Generator.jpg?1436422755
364,http://www.searchinmena.com/system/products/images/000/000/364/original/light_tower.jpg?1436422598
363,http://www.searchinmena.com/system/products/images/000/000/363/original/Welding_generators_supply.jpg?1436422462
362,http://www.searchinmena.com/system/products/images/000/000/362/original/open_frame_generators.JPG?1436422365
361,http://www.searchinmena.com/system/products/images/000/000/361/original/DC-AC-160x160.JPG?1436422255
324,http://www.searchinmena.com/system/products/images/000/000/324/original/home_elev.jpg?1436512513
