171,http://www.searchinmena.com/system/services/images/000/000/171/original/IP.jpg?1439208790
170,http://www.searchinmena.com/system/services/images/000/000/170/original/com_invst.jpg?1439208628
169,http://www.searchinmena.com/system/services/images/000/000/169/original/market_research.jpg?1439208447
168,http://www.searchinmena.com/system/services/images/000/000/168/original/screening.gif?1439206050
167,http://www.searchinmena.com/system/services/images/000/000/167/original/training.jpg?1439205832
166,http://www.searchinmena.com/system/services/images/000/000/166/original/commercial_4.jpg?1439205585
165,http://www.searchinmena.com/system/services/images/000/000/165/original/dudiligence.jpg?1439205450
164,http://www.searchinmena.com/system/services/images/000/000/164/original/download.jpg?1439205379
163,http://www.searchinmena.com/system/services/images/000/000/163/original/commercial_5.jpg?1439202340
161,http://www.searchinmena.com/system/services/images/000/000/161/original/Evaluation.jpg?1439192325
160,http://www.searchinmena.com/system/services/images/000/000/160/original/stand6.jpg?1439189896
156,http://www.searchinmena.com/system/services/images/000/000/156/original/1-e1404038237994.png?1438503084
150,http://www.searchinmena.com/system/services/images/000/000/150/original/Assala_1.jpg?1438166872
149,http://www.searchinmena.com/system/services/images/000/000/149/original/logo.png?1438753956
148,http://www.searchinmena.com/system/services/images/000/000/148/original/1507086_1669054399991523_3867127583281167773_n.jpg?1438005447
147,http://www.searchinmena.com/system/services/images/000/000/147/original/11048719_1669054509991512_3272100964501875902_n.jpg?1438005460
146,http://www.searchinmena.com/system/services/images/000/000/146/original/SAPB1.jpg?1437984810
144,http://www.searchinmena.com/system/services/images/000/000/144/original/plan-1.jpg?1437974255
142,http://www.searchinmena.com/system/services/images/000/000/142/original/social-media.jpg?1437938923
141,http://www.searchinmena.com/system/services/images/000/000/141/original/seo.jpg?1437938181
140,http://www.searchinmena.com/system/services/images/000/000/140/original/webdesign-dubai.jpg?1437938463
139,http://www.searchinmena.com/system/services/images/000/000/139/original/mobile.jpg?1437935812
129,http://www.searchinmena.com/system/services/images/000/000/129/original/market_researc.jpg?1437582795
128,http://www.searchinmena.com/system/services/images/000/000/128/original/corporate-event.jpg?1437582052
127,http://www.searchinmena.com/system/services/images/000/000/127/original/Buck-Models-at-work-hostesses-hostess-host-welcome-hospitality-event-party-company-party-expo-fair-exhibit.jpg?1437581918
126,http://www.searchinmena.com/system/services/images/000/000/126/original/exhibition-stand-12.jpg?1437581515
124,http://www.searchinmena.com/system/services/images/000/000/124/original/accounting_homework_help.jpg?1437493116
121,http://www.searchinmena.com/system/services/images/000/000/121/original/logo1.png?1436942487
120,http://www.searchinmena.com/system/services/images/000/000/120/original/logo1.png?1436942482
119,http://www.searchinmena.com/system/services/images/000/000/119/original/Company_Logo.jpg?1436778785
118,http://www.searchinmena.com/system/services/images/000/000/118/original/85933_tv-production.jpg?1436746782
117,http://www.searchinmena.com/system/services/images/000/000/117/original/88890_event-_management.jpg?1436746315
116,http://www.searchinmena.com/system/services/images/000/000/116/original/85933_tv-production.jpg?1436745749
114,http://www.searchinmena.com/system/services/images/000/000/114/original/Geniusbyte_Logo.png?1436697302
97,http://www.searchinmena.com/system/services/images/000/000/097/original/Community_Management.png?1436510951
96,http://www.searchinmena.com/system/services/images/000/000/096/original/Lead_Generation_via_Social_Media.png?1436510859
95,http://www.searchinmena.com/system/services/images/000/000/095/original/Integrated_Digital_Activations.png?1436510776
94,http://www.searchinmena.com/system/services/images/000/000/094/original/Strategy_and_Tactics.png?1436510705
19,http://www.searchinmena.com/system/services/images/000/000/019/original/Print.png?1436774753
18,http://www.searchinmena.com/system/services/images/000/000/018/original/Digital.png?1436774740
